Experimental plot,Height abovegr min [m],Height abovegr max [m],Height [m],Date/time start,Date/time end,T:mow,T:weed,T:weed hist,T:seed add,T:fert,T:drought,T:abovegr pest,T:below pest,T:mollus,T:nema,T:eartworm excl,T:phyto,T:special,Sown plant cov [%],Weeds cov [%],Dead plant cov [%],Bare ground cov [%],A. pratensis cov [%],A. odoratum cov [%],A. elatius cov [%],A. pubescens cov [%],B. erectus cov [%],B. hordeaceus cov [%],C. cristatus cov [%],D. glomerata cov [%],F. pratensis cov [%],F. rubra cov [%],H. lanatus cov [%],L. campestris cov [%],P. pratense cov [%],P. pratensis cov [%],P. trivialis cov [%],T. flavescens cov [%],A. reptans cov [%],B. perennis cov [%],G. hederacea cov [%],L. autumnalis cov [%],L. hispidus cov [%],P. lanceolata cov [%],P. media cov [%],P. veris cov [%],P. vulgaris cov [%],R. repens cov [%],T. officinale cov [%],V. chamaedrys cov [%],A. millefolium cov [%],A. sylvestris cov [%],C. patula cov [%],C. carvi cov [%],C. pratensis cov [%],C. jacea cov [%],C. oleraceum cov [%],C. biennis cov [%],D. carota cov [%],G. mollugo cov [%],G. pratense cov [%],H. sphondylium cov [%],K. arvensis cov [%],L. vulgare cov [%],P. sativa cov [%],P. major cov [%],R. acris cov [%],R. acetosa cov [%],S. officinalis cov [%],T. pratensis cov [%],L. pratensis cov [%],L. corniculatus cov [%],M. lupulina cov [%],M. x varia cov [%],O. viciifolia cov [%],T. campestre cov [%],T. dubium cov [%],T. fragiferum cov [%],T. hybridum cov [%],T. pratense cov [%],T. repens cov [%],V. cracca cov [%]
B1A01,0,1,0.5,2010-05-24,2010-05-24,mown2,weededALL,AAAAA.AAAA,seed0,fert0,roof0,agspray0,bgspray0,molgrain0,nemgrain0,ewex0,phyto0,special0,90,25,0,7,NA,2,NA,10,NA,1,NA,NA,NA,NA,NA,NA,NA,2,NA,NA,2,NA,NA,NA,NA,30,NA,NA,NA,2,2,NA,NA,0,NA,0,NA,NA,NA,NA,NA,NA,40,NA,NA,NA,NA,NA,NA,NA,NA,0,2,20,NA,NA,NA,1,NA,NA,NA,NA,NA,2
B1A01,0,1,0.5,2010-08-20,2010-08-20,mown2,weededALL,AAAAA.AAAA,seed0,fert0,roof0,agspray0,bgspray0,molgrain0,nemgrain0,ewex0,phyto0,special0,95,17,5,3,NA,0,NA,20,NA,0,NA,NA,NA,NA,NA,NA,NA,0,NA,NA,1,NA,NA,NA,NA,40,NA,NA,NA,1,1,NA,NA,0,NA,0,NA,NA,NA,NA,NA,NA,70,NA,NA,NA,NA,NA,NA,NA,NA,0,2,20,NA,NA,NA,0,NA,NA,NA,NA,NA,2
B1A02,0,1,0.5,2010-05-24,2010-05-24,mown2,weededALL,AAAAA.AAAA,seed0,fert0,roof0,agspray0,bgspray0,molgrain0,nemgrain0,ewex0,phyto0,special0,85,30,0,10,2,NA,NA,NA,60,NA,NA,NA,NA,2,NA,NA,1,NA,NA,NA,NA,NA,NA,NA,NA,NA,NA,NA,NA,NA,NA,NA,NA,NA,NA,NA,0,NA,NA,NA,NA,NA,NA,20,NA,NA,NA,NA,20,NA,1,NA,NA,NA,NA,NA,NA,NA,NA,NA,NA,NA,NA,NA
B1A02,0,1,0.5,2010-08-20,2010-08-20,mown2,weededALL,AAAAA.AAAA,seed0,fert0,roof0,agspray0,bgspray0,molgrain0,nemgrain0,ewex0,phyto0,special0,85,15,18,7,10,NA,NA,NA,50,NA,NA,NA,NA,0,NA,NA,1,NA,NA,NA,NA,NA,NA,NA,NA,NA,NA,NA,NA,NA,NA,NA,NA,NA,NA,NA,0,NA,NA,NA,NA,NA,NA,20,NA,NA,NA,NA,20,NA,1,NA,NA,NA,NA,NA,NA,NA,NA,NA,NA,NA,NA,NA
B1A03,0,1,0.5,2010-05-24,2010-05-24,mown2,weededALL,AAAAA.AAAA,seed0,fert0,roof0,agspray0,bgspray0,molgrain0,nemgrain0,ewex0,phyto0,special0,85,25,0,7,NA,NA,NA,NA,NA,NA,0,NA,NA,NA,NA,NA,1,NA,NA,20,NA,NA,30,NA,NA,NA,NA,20,NA,NA,NA,30,NA,NA,NA,NA,NA,NA,NA,NA,NA,NA,NA,NA,NA,NA,NA,NA,NA,NA,NA,NA,NA,20,10,NA,NA,NA,NA,NA,NA,NA,NA,NA
B1A03,0,1,0.5,2010-08-20,2010-08-20,mown2,weededALL,AAAAA.AAAA,seed0,fert0,roof0,agspray0,bgspray0,molgrain0,nemgrain0,ewex0,phyto0,special0,65,70,10,0,NA,NA,NA,NA,NA,NA,0,NA,NA,NA,NA,NA,1,NA,NA,30,NA,NA,50,NA,NA,NA,NA,10,NA,NA,NA,10,NA,NA,NA,NA,NA,NA,NA,NA,NA,NA,NA,NA,NA,NA,NA,NA,NA,NA,NA,NA,NA,20,1,NA,NA,NA,NA,NA,NA,NA,NA,NA
B1A04,0,1,0.5,2010-05-24,2010-05-24,mown2,weededALL,AAAAA.AAAA,seed0,fert0,roof0,agspray0,bgspray0,molgrain0,nemgrain0,ewex0,phyto0,special0,80,10,0,20,NA,NA,NA,NA,NA,NA,NA,NA,2,NA,NA,NA,NA,NA,NA,NA,NA,NA,NA,NA,NA,70,NA,NA,NA,NA,NA,NA,NA,NA,1,NA,NA,NA,NA,NA,NA,NA,NA,NA,NA,NA,NA,NA,NA,NA,NA,NA,NA,NA,NA,NA,10,NA,NA,NA,NA,NA,NA,NA
B1A04,0,1,0.5,2010-08-20,2010-08-20,mown2,weededALL,AAAAA.AAAA,seed0,fert0,roof0,agspray0,bgspray0,molgrain0,nemgrain0,ewex0,phyto0,special0,72,15,3,30,NA,NA,NA,NA,NA,NA,NA,NA,2,NA,NA,NA,NA,NA,NA,NA,NA,NA,NA,NA,NA,70,NA,NA,NA,NA,NA,NA,NA,NA,0,NA,NA,NA,NA,NA,NA,NA,NA,NA,NA,NA,NA,NA,NA,NA,NA,NA,NA,NA,NA,NA,2,NA,NA,NA,NA,NA,NA,NA
B1A05,0,1,0.5,2010-05-24,2010-05-24,mown2,weededALL,AAAAA.AAAA,seed0,fert0,roof0,agspray0,bgspray0,molgrain0,nemgrain0,ewex0,phyto0,special0,30,35,0,50,NA,NA,NA,NA,NA,NA,NA,NA,NA,NA,NA,NA,NA,NA,NA,NA,NA,NA,NA,NA,NA,NA,NA,NA,NA,NA,NA,NA,NA,NA,NA,NA,NA,NA,NA,NA,NA,NA,NA,NA,NA,NA,NA,NA,NA,NA,NA,NA,NA,NA,0,NA,30,NA,NA,NA,NA,NA,NA,NA
B1A05,0,1,0.5,2010-08-20,2010-08-20,mown2,weededALL,AAAAA.AAAA,seed0,fert0,roof0,agspray0,bgspray0,molgrain0,nemgrain0,ewex0,phyto0,special0,40,72,0,25,NA,NA,NA,NA,NA,NA,NA,NA,NA,NA,NA,NA,NA,NA,NA,NA,NA,NA,NA,NA,NA,NA,NA,NA,NA,NA,NA,NA,NA,NA,NA,NA,NA,NA,NA,NA,NA,NA,NA,NA,NA,NA,NA,NA,NA,NA,NA,NA,NA,NA,2,NA,40,NA,NA,NA,NA,NA,NA,NA
B1A06,0,1,0.5,2010-05-24,2010-05-24,mown2,weededALL,AAAAA.AAAA,seed0,fert0,roof0,agspray0,bgspray0,molgrain0,nemgrain0,ewex0,phyto0,special0,90,25,0,2,2,2,NA,30,NA,1,NA,NA,NA,NA,20,NA,NA,1,10,10,NA,NA,NA,NA,NA,NA,NA,NA,NA,NA,NA,NA,2,0,1,NA,NA,0,NA,NA,NA,NA,2,20,NA,2,NA,40,NA,NA,NA,NA,NA,NA,NA,NA,NA,NA,NA,NA,NA,NA,NA,NA
B1A06,0,1,0.5,2010-08-20,2010-08-20,mown2,weededALL,AAAAA.AAAA,seed0,fert0,roof0,agspray0,bgspray0,molgrain0,nemgrain0,ewex0,phyto0,special0,87,40,15,3,2,0,NA,20,NA,0,NA,NA,NA,NA,20,NA,NA,0,10,10,NA,NA,NA,NA,NA,NA,NA,NA,NA,NA,NA,NA,2,10,0,NA,NA,1,NA,NA,NA,NA,10,20,NA,10,NA,20,NA,NA,NA,NA,NA,NA,NA,NA,NA,NA,NA,NA,NA,NA,NA,NA
B1A07,0,1,0.5,2010-05-24,2010-05-24,mown2,weededALL,AAAAA.AAAA,seed0,fert0,roof0,agspray0,bgspray0,molgrain0,nemgrain0,ewex0,phyto0,special0,70,12,0,30,NA,NA,NA,NA,NA,NA,NA,NA,NA,NA,NA,NA,NA,NA,NA,NA,NA,NA,NA,NA,NA,NA,NA,NA,NA,NA,NA,NA,NA,NA,NA,NA,NA,NA,NA,NA,NA,NA,NA,NA,NA,NA,NA,NA,70,NA,10,NA,NA,NA,NA,NA,NA,NA,NA,NA,NA,NA,NA,NA
B1A07,0,1,0.5,2010-08-20,2010-08-20,mown2,weededALL,AAAAA.AAAA,seed0,fert0,roof0,agspray0,bgspray0,molgrain0,nemgrain0,ewex0,phyto0,special0,52,68,0,20,NA,NA,NA,NA,NA,NA,NA,NA,NA,NA,NA,NA,NA,NA,NA,NA,NA,NA,NA,NA,NA,NA,NA,NA,NA,NA,NA,NA,NA,NA,NA,NA,NA,NA,NA,NA,NA,NA,NA,NA,NA,NA,NA,NA,40,NA,20,NA,NA,NA,NA,NA,NA,NA,NA,NA,NA,NA,NA,NA
B1A08,0,1,0.5,2010-05-24,2010-05-24,mown2,weededALL,AAAAA.AAAA,seed0,fert0,roof0,agspray0,bgspray0,molgrain0,nemgrain0,ewex0,phyto0,special0,35,15,0,50,NA,NA,NA,NA,NA,NA,NA,NA,NA,NA,NA,NA,NA,NA,NA,NA,NA,NA,NA,NA,NA,NA,NA,NA,NA,NA,NA,NA,NA,NA,NA,NA,NA,NA,NA,NA,NA,NA,NA,NA,NA,NA,NA,NA,NA,NA,NA,NA,NA,NA,NA,30,NA,NA,NA,NA,NA,NA,NA,NA
B1A08,0,1,0.5,2010-08-20,2010-08-20,mown2,weededALL,AAAAA.AAAA,seed0,fert0,roof0,agspray0,bgspray0,molgrain0,nemgrain0,ewex0,phyto0,special0,30,80,0,10,NA,NA,NA,NA,NA,NA,NA,NA,NA,NA,NA,NA,NA,NA,NA,NA,NA,NA,NA,NA,NA,NA,NA,NA,NA,NA,NA,NA,NA,NA,NA,NA,NA,NA,NA,NA,NA,NA,NA,NA,NA,NA,NA,NA,NA,NA,NA,NA,NA,NA,NA,30,NA,NA,NA,NA,NA,NA,NA,NA
B1A09,0,1,0.5,2010-05-24,2010-05-24,mown2,weededALL,AAAAA.AAAA,seed0,fert0,roof0,agspray0,bgspray0,molgrain0,nemgrain0,ewex0,phyto0,special0,15,90,0,1,NA,NA,NA,NA,NA,NA,10,NA,NA,NA,NA,NA,NA,NA,NA,NA,NA,NA,NA,NA,NA,NA,NA,NA,NA,NA,NA,NA,NA,NA,NA,NA,NA,NA,NA,NA,NA,NA,NA,NA,NA,NA,NA,NA,NA,NA,NA,NA,NA,NA,NA,NA,NA,NA,NA,NA,NA,NA,NA,NA
B1A09,0,1,0.5,2010-08-20,2010-08-20,mown2,weededALL,AAAAA.AAAA,seed0,fert0,roof0,agspray0,bgspray0,molgrain0,nemgrain0,ewex0,phyto0,special0,0,0,0,0,NA,NA,NA,NA,NA,NA,0,NA,NA,NA,NA,NA,NA,NA,NA,NA,NA,NA,NA,NA,NA,NA,NA,NA,NA,NA,NA,NA,NA,NA,NA,NA,NA,NA,NA,NA,NA,NA,NA,NA,NA,NA,NA,NA,NA,NA,NA,NA,NA,NA,NA,NA,NA,NA,NA,NA,NA,NA,NA,NA
B1A11,0,1,0.5,2010-05-24,2010-05-24,mown2,weededALL,AAAAA.AAAA,seed0,fert0,roof0,agspray0,bgspray0,molgrain0,nemgrain0,ewex0,phyto0,special0,90,10,0,8,NA,NA,NA,NA,NA,NA,NA,NA,NA,NA,NA,NA,NA,NA,NA,NA,NA,NA,NA,NA,NA,NA,NA,NA,NA,NA,NA,NA,2,0,1,NA,0,NA,1,2,2,40,2,2,NA,20,40,NA,10,2,0,0,NA,NA,NA,NA,NA,NA,NA,NA,NA,NA,NA,NA
B1A11,0,1,0.5,2010-08-20,2010-08-20,mown2,weededALL,AAAAA.AAAA,seed0,fert0,roof0,agspray0,bgspray0,molgrain0,nemgrain0,ewex0,phyto0,special0,95,12,5,3,NA,NA,NA,NA,NA,NA,NA,NA,NA,NA,NA,NA,NA,NA,NA,NA,NA,NA,NA,NA,NA,NA,NA,NA,NA,NA,NA,NA,1,1,0,NA,0,NA,0,1,10,40,10,2,NA,10,80,NA,40,0,0,0,NA,NA,NA,NA,NA,NA,NA,NA,NA,NA,NA,NA
B1A12,0,1,0.5,2010-05-24,2010-05-24,mown2,weededALL,AAAAA.AAAA,seed0,fert0,roof0,agspray0,bgspray0,molgrain0,nemgrain0,ewex0,phyto0,special0,70,10,0,25,NA,NA,NA,NA,NA,NA,NA,NA,NA,NA,NA,NA,NA,NA,NA,NA,NA,NA,NA,NA,NA,NA,NA,NA,NA,NA,NA,NA,NA,NA,NA,NA,NA,NA,NA,NA,NA,NA,NA,NA,NA,NA,NA,NA,NA,NA,NA,NA,2,NA,0,30,2,0,20,NA,2,30,NA,NA
B1A12,0,1,0.5,2010-08-20,2010-08-20,mown2,weededALL,AAAAA.AAAA,seed0,fert0,roof0,agspray0,bgspray0,molgrain0,nemgrain0,ewex0,phyto0,special0,85,27,0,2,NA,NA,NA,NA,NA,NA,NA,NA,NA,NA,NA,NA,NA,NA,NA,NA,NA,NA,NA,NA,NA,NA,NA,NA,NA,NA,NA,NA,NA,NA,NA,NA,NA,NA,NA,NA,NA,NA,NA,NA,NA,NA,NA,NA,NA,NA,NA,NA,1,NA,0,20,2,0,0,NA,1,70,NA,NA
B1A13,0,1,0.5,2010-05-24,2010-05-24,mown2,weededALL,AAAAA.AAAA,seed0,fert0,roof0,agspray0,bgspray0,molgrain0,nemgrain0,ewex0,phyto0,special0,25,30,0,60,NA,NA,NA,NA,NA,NA,NA,NA,NA,NA,NA,NA,NA,NA,NA,NA,NA,NA,NA,NA,NA,NA,NA,NA,NA,NA,NA,NA,NA,NA,NA,NA,NA,NA,NA,NA,NA,NA,NA,NA,NA,NA,NA,NA,NA,NA,NA,NA,NA,1,0,20,2,NA,NA,NA,NA,NA,NA,NA
B1A13,0,1,0.5,2010-08-20,2010-08-20,mown2,weededALL,AAAAA.AAAA,seed0,fert0,roof0,agspray0,bgspray0,molgrain0,nemgrain0,ewex0,phyto0,special0,45,85,0,5,NA,NA,NA,NA,NA,NA,NA,NA,NA,NA,NA,NA,NA,NA,NA,NA,NA,NA,NA,NA,NA,NA,NA,NA,NA,NA,NA,NA,NA,NA,NA,NA,NA,NA,NA,NA,NA,NA,NA,NA,NA,NA,NA,NA,NA,NA,NA,NA,NA,0,0,30,10,NA,NA,NA,NA,NA,NA,NA
B1A14,0,1,0.5,2010-05-24,2010-05-24,mown2,weededALL,AAAAA.AAAA,seed0,fert0,roof0,agspray0,bgspray0,molgrain0,nemgrain0,ewex0,phyto0,special0,50,50,0,5,NA,NA,NA,NA,NA,NA,NA,NA,NA,NA,NA,10,NA,NA,NA,10,NA,NA,NA,NA,30,20,NA,NA,NA,NA,NA,NA,NA,0,NA,NA,NA,NA,NA,NA,1,NA,NA,NA,NA,NA,NA,NA,NA,NA,NA,NA,NA,NA,NA,NA,NA,0,NA,2,NA,NA,NA,NA
B1A14,0,1,0.5,2010-08-20,2010-08-20,mown2,weededALL,AAAAA.AAAA,seed0,fert0,roof0,agspray0,bgspray0,molgrain0,nemgrain0,ewex0,phyto0,special0,70,17,7,30,NA,NA,NA,NA,NA,NA,NA,NA,NA,NA,NA,10,NA,NA,NA,1,NA,NA,NA,NA,50,30,NA,NA,NA,NA,NA,NA,NA,0,NA,NA,NA,NA,NA,NA,1,NA,NA,NA,NA,NA,NA,NA,NA,NA,NA,NA,NA,NA,NA,NA,NA,0,NA,0,NA,NA,NA,NA
B1A15,0,1,0.5,2010-05-24,2010-05-24,mown2,weededALL,AAAAA.AAAA,seed0,fert0,roof0,agspray0,bgspray0,molgrain0,nemgrain0,ewex0,phyto0,special0,40,5,0,55,NA,NA,NA,NA,NA,NA,NA,NA,NA,NA,NA,NA,NA,NA,NA,NA,NA,NA,NA,NA,NA,NA,NA,NA,NA,NA,NA,NA,NA,NA,NA,NA,NA,NA,NA,40,NA,NA,NA,NA,NA,NA,NA,NA,NA,NA,NA,NA,NA,NA,NA,NA,NA,NA,NA,NA,NA,NA,NA,NA
B1A15,0,1,0.5,2010-08-20,2010-08-20,mown2,weededALL,AAAAA.AAAA,seed0,fert0,roof0,agspray0,bgspray0,molgrain0,nemgrain0,ewex0,phyto0,special0,4,92,0,5,NA,NA,NA,NA,NA,NA,NA,NA,NA,NA,NA,NA,NA,NA,NA,NA,NA,NA,NA,NA,NA,NA,NA,NA,NA,NA,NA,NA,NA,NA,NA,NA,NA,NA,NA,2,NA,NA,NA,NA,NA,NA,NA,NA,NA,NA,NA,NA,NA,NA,NA,NA,NA,NA,NA,NA,NA,NA,NA,NA
B1A16,0,1,0.5,2010-05-24,2010-05-24,mown2,weededALL,AAAAA.AAAA,seed0,fert0,roof0,agspray0,bgspray0,molgrain0,nemgrain0,ewex0,phyto0,special0,45,25,0,35,NA,NA,NA,NA,NA,NA,NA,NA,NA,NA,NA,NA,NA,10,NA,NA,NA,NA,NA,NA,NA,30,NA,NA,NA,NA,NA,NA,NA,NA,NA,NA,NA,NA,NA,NA,NA,NA,NA,NA,NA,NA,NA,NA,NA,NA,NA,NA,NA,NA,NA,NA,NA,NA,NA,NA,NA,NA,NA,NA
B1A16,0,1,0.5,2010-08-20,2010-08-20,mown2,weededALL,AAAAA.AAAA,seed0,fert0,roof0,agspray0,bgspray0,molgrain0,nemgrain0,ewex0,phyto0,special0,52,27,0,30,NA,NA,NA,NA,NA,NA,NA,NA,NA,NA,NA,NA,NA,10,NA,NA,NA,NA,NA,NA,NA,50,NA,NA,NA,NA,NA,NA,NA,NA,NA,NA,NA,NA,NA,NA,NA,NA,NA,NA,NA,NA,NA,NA,NA,NA,NA,NA,NA,NA,NA,NA,NA,NA,NA,NA,NA,NA,NA,NA
B1A17,0,1,0.5,2010-05-24,2010-05-24,mown2,weededALL,AAAAA.AAAA,seed0,fert0,roof0,agspray0,bgspray0,molgrain0,nemgrain0,ewex0,phyto0,special0,5,15,0,40,20,NA,NA,NA,NA,NA,NA,NA,NA,NA,NA,NA,NA,NA,NA,NA,NA,NA,NA,NA,NA,NA,NA,NA,NA,NA,NA,NA,NA,NA,NA,NA,NA,NA,NA,NA,20,NA,NA,NA,NA,NA,NA,NA,NA,NA,NA,NA,NA,NA,NA,NA,NA,NA,NA,NA,NA,NA,NA,NA
B1A17,0,1,0.5,2010-08-20,2010-08-20,mown2,weededALL,AAAAA.AAAA,seed0,fert0,roof0,agspray0,bgspray0,molgrain0,nemgrain0,ewex0,phyto0,special0,53,50,10,0,10,NA,NA,NA,NA,NA,NA,NA,NA,NA,NA,NA,NA,NA,NA,NA,NA,NA,NA,NA,NA,NA,NA,NA,NA,NA,NA,NA,NA,NA,NA,NA,NA,NA,NA,NA,50,NA,NA,NA,NA,NA,NA,NA,NA,NA,NA,NA,NA,NA,NA,NA,NA,NA,NA,NA,NA,NA,NA,NA
B1A18,0,1,0.5,2010-05-24,2010-05-24,mown2,weededALL,AAAAA.AAAA,seed0,fert0,roof0,agspray0,bgspray0,molgrain0,nemgrain0,ewex0,phyto0,special0,40,10,0,50,NA,NA,NA,NA,NA,NA,NA,NA,NA,NA,NA,NA,NA,NA,NA,NA,NA,NA,NA,NA,NA,NA,NA,NA,40,NA,NA,NA,NA,NA,NA,NA,NA,NA,NA,NA,NA,NA,NA,NA,NA,NA,NA,NA,NA,NA,NA,NA,NA,NA,NA,NA,NA,NA,NA,NA,NA,NA,NA,NA
B1A18,0,1,0.5,2010-08-20,2010-08-20,mown2,weededALL,AAAAA.AAAA,seed0,fert0,roof0,agspray0,bgspray0,molgrain0,nemgrain0,ewex0,phyto0,special0,60,40,0,2,NA,NA,NA,NA,NA,NA,NA,NA,NA,NA,NA,NA,NA,NA,NA,NA,NA,NA,NA,NA,NA,NA,NA,NA,60,NA,NA,NA,NA,NA,NA,NA,NA,NA,NA,NA,NA,NA,NA,NA,NA,NA,NA,NA,NA,NA,NA,NA,NA,NA,NA,NA,NA,NA,NA,NA,NA,NA,NA,NA
B1A19,0,1,0.5,2010-05-24,2010-05-24,mown2,weededALL,AAAAA.AAAA,seed0,fert0,roof0,agspray0,bgspray0,molgrain0,nemgrain0,ewex0,phyto0,special0,60,15,0,30,NA,NA,40,NA,NA,NA,NA,NA,NA,NA,NA,10,NA,NA,NA,NA,NA,NA,NA,NA,NA,NA,NA,NA,10,NA,NA,NA,NA,NA,2,NA,NA,NA,NA,NA,NA,NA,NA,NA,NA,NA,NA,NA,NA,NA,NA,NA,NA,NA,NA,NA,NA,NA,NA,NA,NA,NA,NA,NA
B1A19,0,1,0.5,2010-08-20,2010-08-20,mown2,weededALL,AAAAA.AAAA,seed0,fert0,roof0,agspray0,bgspray0,molgrain0,nemgrain0,ewex0,phyto0,special0,65,40,15,7,NA,NA,60,NA,NA,NA,NA,NA,NA,NA,NA,10,NA,NA,NA,NA,NA,NA,NA,NA,NA,NA,NA,NA,10,NA,NA,NA,NA,NA,0,NA,NA,NA,NA,NA,NA,NA,NA,NA,NA,NA,NA,NA,NA,NA,NA,NA,NA,NA,NA,NA,NA,NA,NA,NA,NA,NA,NA,NA
B1A20,0,1,0.5,2010-05-24,2010-05-24,mown2,weededALL,AAAAA.AAAA,seed0,fert0,roof0,agspray0,bgspray0,molgrain0,nemgrain0,ewex0,phyto0,special0,90,15,0,5,NA,NA,NA,NA,NA,NA,NA,NA,NA,NA,NA,NA,NA,NA,NA,NA,10,20,NA,1,0,20,NA,NA,NA,NA,NA,70,10,NA,NA,NA,NA,NA,NA,NA,NA,NA,30,NA,30,NA,NA,NA,10,NA,0,NA,NA,2,NA,2,2,NA,NA,NA,1,NA,20,NA
B1A20,0,1,0.5,2010-08-20,2010-08-20,mown2,weededALL,AAAAA.AAAA,seed0,fert0,roof0,agspray0,bgspray0,molgrain0,nemgrain0,ewex0,phyto0,special0,90,15,3,0,NA,NA,NA,NA,NA,NA,NA,NA,NA,NA,NA,NA,NA,NA,NA,NA,20,1,NA,0,1,40,NA,NA,NA,NA,NA,10,10,NA,NA,NA,NA,NA,NA,NA,NA,NA,20,NA,20,NA,NA,NA,2,NA,0,NA,NA,2,NA,10,1,NA,NA,NA,1,NA,2,NA
B1A21,0,1,0.5,2010-05-24,2010-05-24,mown2,weededALL,AAAAA.AAAA,seed0,fert0,roof0,agspray0,bgspray0,molgrain0,nemgrain0,ewex0,phyto0,special0,35,20,0,30,NA,NA,NA,NA,NA,NA,NA,NA,20,NA,NA,10,NA,NA,NA,NA,NA,NA,NA,NA,NA,NA,NA,NA,NA,NA,NA,NA,2,NA,NA,NA,NA,NA,NA,10,NA,NA,NA,NA,NA,NA,NA,NA,NA,NA,NA,NA,NA,NA,NA,NA,NA,NA,NA,NA,NA,NA,NA,NA
B1A21,0,1,0.5,2010-08-20,2010-08-20,mown2,weededALL,AAAAA.AAAA,seed0,fert0,roof0,agspray0,bgspray0,molgrain0,nemgrain0,ewex0,phyto0,special0,25,75,2,3,NA,NA,NA,NA,NA,NA,NA,NA,10,NA,NA,1,NA,NA,NA,NA,NA,NA,NA,NA,NA,NA,NA,NA,NA,NA,NA,NA,20,NA,NA,NA,NA,NA,NA,2,NA,NA,NA,NA,NA,NA,NA,NA,NA,NA,NA,NA,NA,NA,NA,NA,NA,NA,NA,NA,NA,NA,NA,NA
B1A22,0,1,0.5,2010-05-24,2010-05-24,mown2,weededALL,AAAAA.AAAA,seed0,fert0,roof0,agspray0,bgspray0,molgrain0,nemgrain0,ewex0,phyto0,special0,95,1,0,5,2,0,2,20,0,0,0,10,1,1,0,0,0,1,20,10,2,10,2,0,0,20,2,0,0,0,1,20,2,1,0,0,0,1,2,1,1,20,10,10,10,2,0,20,1,2,0,0,2,2,0,0,2,1,20,0,0,2,2,2
B1A22,0,1,0.5,2010-08-20,2010-08-20,mown2,weededALL,AAAAA.AAAA,seed0,fert0,roof0,agspray0,bgspray0,molgrain0,nemgrain0,ewex0,phyto0,special0,100,0,5,0,2,0,10,10,0,0,0,20,0,0,0,0,0,0,20,1,0,1,20,0,1,50,2,0,1,0,1,20,1,0,0,0,0,0,2,0,0,30,20,20,10,10,2,10,1,10,0,0,2,10,0,1,10,0,0,0,0,2,2,1
B2A01,0,1,0.5,2010-05-24,2010-05-24,mown2,weededALL,AAAAA.AAAA,seed0,fert0,roof0,agspray0,bgspray0,molgrain0,nemgrain0,ewex0,phyto0,special0,75,15,0,15,NA,2,NA,NA,NA,NA,NA,NA,NA,NA,NA,NA,NA,NA,NA,NA,NA,NA,NA,NA,NA,NA,NA,NA,2,NA,NA,NA,NA,NA,NA,NA,NA,NA,NA,NA,NA,NA,NA,NA,70,NA,NA,NA,NA,NA,NA,NA,NA,NA,NA,NA,NA,NA,NA,NA,NA,10,NA,NA
B2A01,0,1,0.5,2010-08-20,2010-08-20,mown2,weededALL,AAAAA.AAAA,seed0,fert0,roof0,agspray0,bgspray0,molgrain0,nemgrain0,ewex0,phyto0,special0,70,18,5,18,NA,1,NA,NA,NA,NA,NA,NA,NA,NA,NA,NA,NA,NA,NA,NA,NA,NA,NA,NA,NA,NA,NA,NA,10,NA,NA,NA,NA,NA,NA,NA,NA,NA,NA,NA,NA,NA,NA,NA,50,NA,NA,NA,NA,NA,NA,10,NA,NA,NA,NA,NA,NA,NA,NA,NA,10,NA,NA
B2A02,0,1,0.5,2010-05-24,2010-05-24,mown2,weededALL,AAAAA.AAAA,seed0,fert0,roof0,agspray0,bgspray0,molgrain0,nemgrain0,ewex0,phyto0,special0,55,10,15,35,NA,NA,NA,NA,NA,NA,NA,NA,NA,30,NA,NA,NA,NA,NA,20,NA,NA,NA,NA,NA,NA,NA,NA,NA,NA,NA,NA,NA,NA,NA,NA,NA,NA,NA,NA,NA,NA,NA,NA,NA,NA,NA,NA,NA,NA,NA,NA,NA,NA,NA,NA,NA,NA,NA,NA,NA,NA,NA,NA
B2A02,0,1,0.5,2010-08-20,2010-08-20,mown2,weededALL,AAAAA.AAAA,seed0,fert0,roof0,agspray0,bgspray0,molgrain0,nemgrain0,ewex0,phyto0,special0,73,35,42,30,NA,NA,NA,NA,NA,NA,NA,NA,NA,70,NA,NA,NA,NA,NA,10,NA,NA,NA,NA,NA,NA,NA,NA,NA,NA,NA,NA,NA,NA,NA,NA,NA,NA,NA,NA,NA,NA,NA,NA,NA,NA,NA,NA,NA,NA,NA,NA,NA,NA,NA,NA,NA,NA,NA,NA,NA,NA,NA,NA
B2A03,0,1,0.5,2010-05-24,2010-05-24,mown2,weededALL,AAAAA.AAAA,seed0,fert0,roof0,agspray0,bgspray0,molgrain0,nemgrain0,ewex0,phyto0,special0,96,1,0,4,10,0,10,20,0,1,0,10,0,2,0,0,0,1,30,20,1,10,2,0,0,30,2,2,0,0,2,30,1,0,0,0,0,2,2,10,0,20,2,10,2,1,0,10,2,20,0,0,2,2,2,1,2,0,10,0,0,0,0,2
B2A03,0,1,0.5,2010-08-20,2010-08-20,mown2,weededALL,AAAAA.AAAA,seed0,fert0,roof0,agspray0,bgspray0,molgrain0,nemgrain0,ewex0,phyto0,special0,98,0,17,2,1,0,10,10,0,0,0,10,0,0,1,2,2,1,10,1,0,1,10,0,0,30,1,1,2,0,2,20,1,1,0,0,0,10,2,2,0,20,10,0,1,1,1,10,10,2,0,0,1,2,0,1,2,0,1,0,0,1,0,1
B2A04,0,1,0.5,2010-05-24,2010-05-24,mown2,weededALL,AAAAA.AAAA,seed0,fert0,roof0,agspray0,bgspray0,molgrain0,nemgrain0,ewex0,phyto0,special0,45,10,0,50,NA,NA,NA,NA,NA,NA,NA,NA,NA,NA,NA,NA,NA,NA,NA,NA,NA,NA,NA,NA,NA,NA,NA,NA,NA,NA,NA,NA,NA,NA,NA,NA,NA,NA,NA,NA,NA,NA,40,NA,NA,NA,NA,NA,NA,NA,NA,NA,NA,NA,NA,NA,NA,NA,NA,NA,NA,NA,NA,NA
B2A04,0,1,0.5,2010-08-20,2010-08-20,mown2,weededALL,AAAAA.AAAA,seed0,fert0,roof0,agspray0,bgspray0,molgrain0,nemgrain0,ewex0,phyto0,special0,63,35,12,27,NA,NA,NA,NA,NA,NA,NA,NA,NA,NA,NA,NA,NA,NA,NA,NA,NA,NA,NA,NA,NA,NA,NA,NA,NA,NA,NA,NA,NA,NA,NA,NA,NA,NA,NA,NA,NA,NA,60,NA,NA,NA,NA,NA,NA,NA,NA,NA,NA,NA,NA,NA,NA,NA,NA,NA,NA,NA,NA,NA
B2A05,0,1,0.5,2010-05-24,2010-05-24,mown2,weededALL,AAAAA.AAAA,seed0,fert0,roof0,agspray0,bgspray0,molgrain0,nemgrain0,ewex0,phyto0,special0,36,15,2,50,NA,NA,NA,NA,NA,NA,NA,NA,40,NA,NA,NA,NA,NA,NA,NA,NA,NA,NA,NA,NA,NA,NA,NA,NA,NA,NA,NA,NA,NA,NA,NA,NA,NA,NA,NA,NA,NA,NA,NA,NA,NA,NA,NA,NA,NA,NA,NA,NA,NA,NA,NA,NA,NA,NA,NA,NA,NA,NA,NA
B2A05,0,1,0.5,2010-08-20,2010-08-20,mown2,weededALL,AAAAA.AAAA,seed0,fert0,roof0,agspray0,bgspray0,molgrain0,nemgrain0,ewex0,phyto0,special0,18,50,2,35,NA,NA,NA,NA,NA,NA,NA,NA,20,NA,NA,NA,NA,NA,NA,NA,NA,NA,NA,NA,NA,NA,NA,NA,NA,NA,NA,NA,NA,NA,NA,NA,NA,NA,NA,NA,NA,NA,NA,NA,NA,NA,NA,NA,NA,NA,NA,NA,NA,NA,NA,NA,NA,NA,NA,NA,NA,NA,NA,NA
B2A06,0,1,0.5,2010-05-24,2010-05-24,mown2,weededALL,AAAAA.AAAA,seed0,fert0,roof0,agspray0,bgspray0,molgrain0,nemgrain0,ewex0,phyto0,special0,85,5,0,15,NA,NA,NA,NA,NA,NA,NA,NA,NA,NA,NA,NA,NA,NA,NA,NA,NA,NA,NA,NA,NA,40,NA,NA,NA,NA,20,NA,NA,NA,NA,NA,NA,NA,NA,NA,NA,NA,NA,NA,NA,NA,NA,NA,NA,NA,NA,NA,30,NA,0,NA,NA,NA,NA,NA,NA,NA,NA,NA
B2A06,0,1,0.5,2010-08-20,2010-08-20,mown2,weededALL,AAAAA.AAAA,seed0,fert0,roof0,agspray0,bgspray0,molgrain0,nemgrain0,ewex0,phyto0,special0,70,25,2,7,NA,NA,NA,NA,NA,NA,NA,NA,NA,NA,NA,NA,NA,NA,NA,NA,NA,NA,NA,NA,NA,60,NA,NA,NA,NA,20,NA,NA,NA,NA,NA,NA,NA,NA,NA,NA,NA,NA,NA,NA,NA,NA,NA,NA,NA,NA,NA,10,NA,0,NA,NA,NA,NA,NA,NA,NA,NA,NA
B2A08,0,1,0.5,2010-05-24,2010-05-24,mown2,weededALL,AAAAA.AAAA,seed0,fert0,roof0,agspray0,bgspray0,molgrain0,nemgrain0,ewex0,phyto0,special0,75,40,0,15,NA,NA,NA,NA,NA,NA,NA,NA,NA,NA,NA,NA,NA,NA,NA,NA,NA,NA,NA,NA,NA,NA,NA,NA,NA,NA,NA,NA,NA,NA,NA,NA,NA,NA,NA,NA,NA,NA,NA,NA,NA,NA,NA,NA,70,NA,NA,NA,NA,NA,NA,NA,NA,0,NA,NA,NA,NA,NA,NA
B2A08,0,1,0.5,2010-08-20,2010-08-20,mown2,weededALL,AAAAA.AAAA,seed0,fert0,roof0,agspray0,bgspray0,molgrain0,nemgrain0,ewex0,phyto0,special0,73,30,10,18,NA,NA,NA,NA,NA,NA,NA,NA,NA,NA,NA,NA,NA,NA,NA,NA,NA,NA,NA,NA,NA,NA,NA,NA,NA,NA,NA,NA,NA,NA,NA,NA,NA,NA,NA,NA,NA,NA,NA,NA,NA,NA,NA,NA,70,NA,NA,NA,NA,NA,NA,NA,NA,0,NA,NA,NA,NA,NA,NA
B2A09,0,1,0.5,2010-05-24,2010-05-24,mown2,weededALL,AAAAA.AAAA,seed0,fert0,roof0,agspray0,bgspray0,molgrain0,nemgrain0,ewex0,phyto0,special0,90,5,0,10,NA,NA,NA,NA,NA,NA,NA,NA,NA,NA,NA,NA,NA,NA,NA,NA,30,NA,NA,NA,NA,20,NA,70,2,NA,NA,NA,NA,NA,NA,NA,NA,NA,NA,NA,NA,NA,NA,NA,NA,NA,NA,NA,NA,NA,NA,NA,NA,NA,NA,NA,NA,NA,NA,NA,NA,NA,NA,NA
B2A09,0,1,0.5,2010-08-20,2010-08-20,mown2,weededALL,AAAAA.AAAA,seed0,fert0,roof0,agspray0,bgspray0,molgrain0,nemgrain0,ewex0,phyto0,special0,90,12,7,7,NA,NA,NA,NA,NA,NA,NA,NA,NA,NA,NA,NA,NA,NA,NA,NA,10,NA,NA,NA,NA,60,NA,70,20,NA,NA,NA,NA,NA,NA,NA,NA,NA,NA,NA,NA,NA,NA,NA,NA,NA,NA,NA,NA,NA,NA,NA,NA,NA,NA,NA,NA,NA,NA,NA,NA,NA,NA,NA
B2A10,0,1,0.5,2010-05-24,2010-05-24,mown2,weededALL,AAAAA.AAAA,seed0,fert0,roof0,agspray0,bgspray0,molgrain0,nemgrain0,ewex0,phyto0,special0,95,10,0,3,2,2,2,NA,50,NA,NA,NA,2,NA,10,NA,1,1,NA,NA,NA,20,NA,1,50,20,NA,20,10,2,NA,10,NA,NA,NA,NA,NA,NA,NA,NA,NA,NA,NA,NA,NA,NA,NA,NA,NA,NA,NA,NA,NA,NA,NA,NA,NA,NA,NA,NA,NA,NA,NA,NA
B2A10,0,1,0.5,2010-08-20,2010-08-20,mown2,weededALL,AAAAA.AAAA,seed0,fert0,roof0,agspray0,bgspray0,molgrain0,nemgrain0,ewex0,phyto0,special0,90,12,7,5,1,0,10,NA,20,NA,NA,NA,2,NA,2,NA,0,0,NA,NA,NA,1,NA,0,60,10,NA,2,2,2,NA,2,NA,NA,NA,NA,NA,NA,NA,NA,NA,NA,NA,NA,NA,NA,NA,NA,NA,NA,NA,NA,NA,NA,NA,NA,NA,NA,NA,NA,NA,NA,NA,NA
B2A12,0,1,0.5,2010-05-24,2010-05-24,mown2,weededALL,AAAAA.AAAA,seed0,fert0,roof0,agspray0,bgspray0,molgrain0,nemgrain0,ewex0,phyto0,special0,90,5,0,10,NA,NA,NA,NA,NA,NA,NA,NA,NA,NA,NA,NA,NA,NA,NA,NA,NA,NA,NA,NA,NA,NA,NA,NA,NA,NA,NA,NA,NA,0,NA,NA,NA,NA,NA,NA,NA,30,2,10,20,20,NA,NA,10,NA,0,NA,NA,NA,NA,NA,NA,NA,NA,NA,NA,NA,NA,NA
B2A12,0,1,0.5,2010-08-20,2010-08-20,mown2,weededALL,AAAAA.AAAA,seed0,fert0,roof0,agspray0,bgspray0,molgrain0,nemgrain0,ewex0,phyto0,special0,85,17,2,5,NA,NA,NA,NA,NA,NA,NA,NA,NA,NA,NA,NA,NA,NA,NA,NA,NA,NA,NA,NA,NA,NA,NA,NA,NA,NA,NA,NA,NA,0,NA,NA,NA,NA,NA,NA,NA,50,20,10,30,60,NA,NA,30,NA,0,NA,NA,NA,NA,NA,NA,NA,NA,NA,NA,NA,NA,NA
B2A13,0,1,0.5,2010-05-24,2010-05-24,mown2,weededALL,AAAAA.AAAA,seed0,fert0,roof0,agspray0,bgspray0,molgrain0,nemgrain0,ewex0,phyto0,special0,35,2,0,65,NA,NA,NA,NA,NA,NA,NA,NA,NA,NA,NA,NA,NA,NA,NA,NA,NA,NA,NA,NA,NA,30,NA,NA,NA,NA,NA,NA,NA,NA,NA,NA,NA,NA,NA,NA,NA,NA,NA,NA,NA,NA,NA,NA,NA,NA,NA,NA,NA,NA,NA,NA,NA,NA,NA,NA,NA,NA,NA,NA
B2A13,0,1,0.5,2010-08-20,2010-08-20,mown2,weededALL,AAAAA.AAAA,seed0,fert0,roof0,agspray0,bgspray0,molgrain0,nemgrain0,ewex0,phyto0,special0,75,25,10,30,NA,NA,NA,NA,NA,NA,NA,NA,NA,NA,NA,NA,NA,NA,NA,NA,NA,NA,NA,NA,NA,70,NA,NA,NA,NA,NA,NA,NA,NA,NA,NA,NA,NA,NA,NA,NA,NA,NA,NA,NA,NA,NA,NA,NA,NA,NA,NA,NA,NA,NA,NA,NA,NA,NA,NA,NA,NA,NA,NA
B2A14,0,1,0.5,2010-05-24,2010-05-24,mown2,weededALL,AAAAA.AAAA,seed0,fert0,roof0,agspray0,bgspray0,molgrain0,nemgrain0,ewex0,phyto0,special0,90,25,0,7,NA,NA,NA,NA,NA,NA,NA,NA,NA,NA,NA,2,2,NA,NA,NA,NA,NA,NA,NA,40,NA,NA,NA,NA,NA,NA,20,NA,NA,NA,NA,NA,NA,NA,NA,NA,NA,NA,NA,20,NA,NA,NA,NA,NA,0,NA,NA,NA,NA,NA,NA,NA,30,NA,1,NA,NA,NA
B2A14,0,1,0.5,2010-08-20,2010-08-20,mown2,weededALL,AAAAA.AAAA,seed0,fert0,roof0,agspray0,bgspray0,molgrain0,nemgrain0,ewex0,phyto0,special0,80,22,10,10,NA,NA,NA,NA,NA,NA,NA,NA,NA,NA,NA,0,1,NA,NA,NA,NA,NA,NA,NA,80,NA,NA,NA,NA,NA,NA,50,NA,NA,NA,NA,NA,NA,NA,NA,NA,NA,NA,NA,30,NA,NA,NA,NA,NA,1,NA,NA,NA,NA,NA,NA,NA,2,NA,1,NA,NA,NA
B2A15,0,1,0.5,2010-05-24,2010-05-24,mown2,weededALL,AAAAA.AAAA,seed0,fert0,roof0,agspray0,bgspray0,molgrain0,nemgrain0,ewex0,phyto0,special0,25,15,0,65,NA,NA,NA,NA,NA,NA,NA,NA,NA,NA,NA,NA,NA,NA,NA,NA,NA,NA,NA,NA,NA,NA,NA,NA,NA,NA,NA,NA,NA,NA,NA,NA,NA,NA,NA,NA,NA,NA,NA,NA,NA,NA,NA,NA,NA,NA,NA,NA,NA,NA,NA,NA,20,NA,NA,NA,NA,NA,NA,NA
B2A15,0,1,0.5,2010-08-20,2010-08-20,mown2,weededALL,AAAAA.AAAA,seed0,fert0,roof0,agspray0,bgspray0,molgrain0,nemgrain0,ewex0,phyto0,special0,60,88,0,10,NA,NA,NA,NA,NA,NA,NA,NA,NA,NA,NA,NA,NA,NA,NA,NA,NA,NA,NA,NA,NA,NA,NA,NA,NA,NA,NA,NA,NA,NA,NA,NA,NA,NA,NA,NA,NA,NA,NA,NA,NA,NA,NA,NA,NA,NA,NA,NA,NA,NA,NA,NA,60,NA,NA,NA,NA,NA,NA,NA
B2A16,0,1,0.5,2010-05-24,2010-05-24,mown2,weededALL,AAAAA.AAAA,seed0,fert0,roof0,agspray0,bgspray0,molgrain0,nemgrain0,ewex0,phyto0,special0,97,2,0,3,NA,NA,NA,NA,NA,NA,NA,NA,NA,NA,NA,NA,NA,NA,NA,NA,NA,NA,NA,0,NA,NA,80,NA,NA,NA,NA,NA,NA,NA,NA,NA,NA,NA,NA,NA,NA,NA,NA,NA,40,NA,NA,NA,NA,NA,NA,NA,NA,NA,NA,NA,NA,NA,NA,NA,NA,NA,NA,30
B2A16,0,1,0.5,2010-08-20,2010-08-20,mown2,weededALL,AAAAA.AAAA,seed0,fert0,roof0,agspray0,bgspray0,molgrain0,nemgrain0,ewex0,phyto0,special0,90,3,3,7,NA,NA,NA,NA,NA,NA,NA,NA,NA,NA,NA,NA,NA,NA,NA,NA,NA,NA,NA,0,NA,NA,80,NA,NA,NA,NA,NA,NA,NA,NA,NA,NA,NA,NA,NA,NA,NA,NA,NA,40,NA,NA,NA,NA,NA,NA,NA,NA,NA,NA,NA,NA,NA,NA,NA,NA,NA,NA,20
B2A17,0,1,0.5,2010-05-24,2010-05-24,mown2,weededALL,AAAAA.AAAA,seed0,fert0,roof0,agspray0,bgspray0,molgrain0,nemgrain0,ewex0,phyto0,special0,95,30,0,3,NA,NA,NA,NA,NA,NA,NA,NA,NA,NA,NA,NA,NA,NA,NA,NA,NA,NA,2,1,NA,NA,80,NA,NA,NA,2,NA,NA,NA,NA,NA,NA,NA,NA,NA,NA,NA,NA,NA,NA,NA,NA,NA,NA,NA,NA,NA,20,NA,NA,NA,NA,2,NA,0,NA,NA,NA,2
B2A17,0,1,0.5,2010-08-20,2010-08-20,mown2,weededALL,AAAAA.AAAA,seed0,fert0,roof0,agspray0,bgspray0,molgrain0,nemgrain0,ewex0,phyto0,special0,85,17,3,10,NA,NA,NA,NA,NA,NA,NA,NA,NA,NA,NA,NA,NA,NA,NA,NA,NA,NA,40,1,NA,NA,70,NA,NA,NA,1,NA,NA,NA,NA,NA,NA,NA,NA,NA,NA,NA,NA,NA,NA,NA,NA,NA,NA,NA,NA,NA,20,NA,NA,NA,NA,0,NA,2,NA,NA,NA,0
B2A18,0,1,0.5,2010-05-24,2010-05-24,mown2,weededALL,AAAAA.AAAA,seed0,fert0,roof0,agspray0,bgspray0,molgrain0,nemgrain0,ewex0,phyto0,special0,95,10,0,5,2,NA,NA,NA,NA,0,0,NA,NA,NA,NA,NA,NA,2,NA,NA,10,NA,NA,NA,NA,NA,70,10,NA,1,NA,NA,NA,2,0,NA,0,NA,NA,NA,NA,NA,10,NA,NA,NA,NA,NA,NA,NA,NA,NA,NA,NA,0,NA,NA,2,40,NA,NA,NA,2,NA
B2A18,0,1,0.5,2010-08-20,2010-08-20,mown2,weededALL,AAAAA.AAAA,seed0,fert0,roof0,agspray0,bgspray0,molgrain0,nemgrain0,ewex0,phyto0,special0,82,17,2,7,10,NA,NA,NA,NA,0,0,NA,NA,NA,NA,NA,NA,1,NA,NA,2,NA,NA,NA,NA,NA,80,2,NA,1,NA,NA,NA,1,0,NA,0,NA,NA,NA,NA,NA,40,NA,NA,NA,NA,NA,NA,NA,NA,NA,NA,NA,2,NA,NA,0,2,NA,NA,NA,2,NA
B2A19,0,1,0.5,2010-05-24,2010-05-24,mown2,weededALL,AAAAA.AAAA,seed0,fert0,roof0,agspray0,bgspray0,molgrain0,nemgrain0,ewex0,phyto0,special0,93,1,0,7,NA,NA,NA,NA,NA,NA,NA,NA,NA,NA,NA,NA,NA,NA,NA,NA,NA,NA,NA,NA,NA,NA,90,NA,NA,NA,30,NA,NA,NA,NA,NA,NA,NA,NA,NA,NA,NA,NA,NA,NA,NA,NA,NA,NA,NA,NA,NA,NA,NA,NA,NA,NA,NA,NA,NA,NA,NA,NA,NA
B2A19,0,1,0.5,2010-08-20,2010-08-20,mown2,weededALL,AAAAA.AAAA,seed0,fert0,roof0,agspray0,bgspray0,molgrain0,nemgrain0,ewex0,phyto0,special0,88,1,0,12,NA,NA,NA,NA,NA,NA,NA,NA,NA,NA,NA,NA,NA,NA,NA,NA,NA,NA,NA,NA,NA,NA,90,NA,NA,NA,20,NA,NA,NA,NA,NA,NA,NA,NA,NA,NA,NA,NA,NA,NA,NA,NA,NA,NA,NA,NA,NA,NA,NA,NA,NA,NA,NA,NA,NA,NA,NA,NA,NA
B2A20,0,1,0.5,2010-05-24,2010-05-24,mown2,weededALL,AAAAA.AAAA,seed0,fert0,roof0,agspray0,bgspray0,molgrain0,nemgrain0,ewex0,phyto0,special0,65,25,0,30,NA,NA,NA,NA,NA,NA,NA,NA,NA,NA,NA,NA,NA,NA,NA,NA,NA,NA,NA,NA,NA,50,NA,NA,NA,NA,NA,NA,NA,NA,NA,NA,NA,NA,NA,NA,NA,NA,NA,NA,NA,NA,NA,NA,NA,NA,NA,NA,NA,NA,NA,NA,NA,NA,10,NA,NA,NA,NA,NA
B2A20,0,1,0.5,2010-08-20,2010-08-20,mown2,weededALL,AAAAA.AAAA,seed0,fert0,roof0,agspray0,bgspray0,molgrain0,nemgrain0,ewex0,phyto0,special0,75,45,2,17,NA,NA,NA,NA,NA,NA,NA,NA,NA,NA,NA,NA,NA,NA,NA,NA,NA,NA,NA,NA,NA,70,NA,NA,NA,NA,NA,NA,NA,NA,NA,NA,NA,NA,NA,NA,NA,NA,NA,NA,NA,NA,NA,NA,NA,NA,NA,NA,NA,NA,NA,NA,NA,NA,0,NA,NA,NA,NA,NA
B2A21,0,1,0.5,2010-05-24,2010-05-24,mown2,weededALL,AAAAA.AAAA,seed0,fert0,roof0,agspray0,bgspray0,molgrain0,nemgrain0,ewex0,phyto0,special0,95,70,0,2,NA,NA,NA,NA,NA,NA,NA,NA,NA,NA,NA,NA,NA,NA,NA,NA,NA,NA,NA,NA,30,NA,30,NA,NA,NA,NA,NA,NA,NA,NA,NA,NA,NA,NA,10,NA,80,NA,NA,NA,NA,NA,NA,NA,NA,1,NA,NA,1,0,NA,10,NA,NA,NA,NA,NA,NA,NA
B2A21,0,1,0.5,2010-08-20,2010-08-20,mown2,weededALL,AAAAA.AAAA,seed0,fert0,roof0,agspray0,bgspray0,molgrain0,nemgrain0,ewex0,phyto0,special0,100,3,17,0,NA,NA,NA,NA,NA,NA,NA,NA,NA,NA,NA,NA,NA,NA,NA,NA,NA,NA,NA,NA,40,NA,20,NA,NA,NA,NA,NA,NA,NA,NA,NA,NA,NA,NA,1,NA,90,NA,NA,NA,NA,NA,NA,NA,NA,1,NA,NA,2,0,NA,10,NA,NA,NA,NA,NA,NA,NA
B2A22,0,1,0.5,2010-05-24,2010-05-24,mown2,weededALL,AAAAA.AAAA,seed0,fert0,roof0,agspray0,bgspray0,molgrain0,nemgrain0,ewex0,phyto0,special0,90,50,0,1,NA,NA,NA,NA,NA,NA,0,NA,2,NA,NA,NA,0,NA,10,40,NA,NA,NA,NA,NA,NA,NA,NA,NA,NA,NA,NA,20,NA,0,NA,NA,1,NA,NA,NA,NA,NA,NA,NA,NA,NA,NA,NA,20,1,NA,20,10,NA,NA,2,NA,NA,NA,0,NA,2,2
B2A22,0,1,0.5,2010-08-20,2010-08-20,mown2,weededALL,AAAAA.AAAA,seed0,fert0,roof0,agspray0,bgspray0,molgrain0,nemgrain0,ewex0,phyto0,special0,100,25,0,0,NA,NA,NA,NA,NA,NA,0,NA,10,NA,NA,NA,0,NA,2,40,NA,NA,NA,NA,NA,NA,NA,NA,NA,NA,NA,NA,80,NA,0,NA,NA,10,NA,NA,NA,NA,NA,NA,NA,NA,NA,NA,NA,50,2,NA,2,20,NA,NA,10,NA,NA,NA,1,NA,1,10
B3A01,0,1,0.5,2010-05-24,2010-05-24,mown2,weededALL,AAAAA.AAAA,seed0,fert0,roof0,agspray0,bgspray0,molgrain0,nemgrain0,ewex0,phyto0,special0,40,30,0,30,NA,NA,NA,NA,NA,NA,NA,NA,NA,NA,NA,NA,NA,NA,NA,NA,NA,NA,NA,NA,NA,NA,NA,NA,NA,NA,NA,NA,NA,NA,NA,NA,NA,NA,NA,NA,NA,40,NA,NA,NA,NA,NA,NA,NA,NA,NA,NA,NA,NA,NA,NA,NA,NA,NA,NA,NA,NA,NA,NA
B3A01,0,1,0.5,2010-08-20,2010-08-20,mown2,weededALL,AAAAA.AAAA,seed0,fert0,roof0,agspray0,bgspray0,molgrain0,nemgrain0,ewex0,phyto0,special0,82,30,2,3,NA,NA,NA,NA,NA,NA,NA,NA,NA,NA,NA,NA,NA,NA,NA,NA,NA,NA,NA,NA,NA,NA,NA,NA,NA,NA,NA,NA,NA,NA,NA,NA,NA,NA,NA,NA,NA,80,NA,NA,NA,NA,NA,NA,NA,NA,NA,NA,NA,NA,NA,NA,NA,NA,NA,NA,NA,NA,NA,NA
B3A02,0,1,0.5,2010-05-24,2010-05-24,mown2,weededALL,AAAAA.AAAA,seed0,fert0,roof0,agspray0,bgspray0,molgrain0,nemgrain0,ewex0,phyto0,special0,25,50,0,30,NA,NA,NA,NA,NA,NA,NA,NA,20,NA,NA,NA,NA,NA,NA,NA,NA,NA,NA,NA,NA,NA,NA,NA,NA,NA,NA,NA,NA,NA,NA,2,NA,NA,NA,NA,NA,NA,NA,NA,NA,NA,NA,NA,NA,NA,NA,NA,NA,NA,NA,NA,NA,NA,NA,NA,NA,NA,NA,NA
B3A02,0,1,0.5,2010-08-20,2010-08-20,mown2,weededALL,AAAAA.AAAA,seed0,fert0,roof0,agspray0,bgspray0,molgrain0,nemgrain0,ewex0,phyto0,special0,28,80,0,17,NA,NA,NA,NA,NA,NA,NA,NA,30,NA,NA,NA,NA,NA,NA,NA,NA,NA,NA,NA,NA,NA,NA,NA,NA,NA,NA,NA,NA,NA,NA,10,NA,NA,NA,NA,NA,NA,NA,NA,NA,NA,NA,NA,NA,NA,NA,NA,NA,NA,NA,NA,NA,NA,NA,NA,NA,NA,NA,NA
B3A03,0,1,0.5,2010-05-24,2010-05-24,mown2,weededALL,AAAAA.AAAA,seed0,fert0,roof0,agspray0,bgspray0,molgrain0,nemgrain0,ewex0,phyto0,special0,95,25,0,5,NA,NA,NA,NA,NA,NA,NA,NA,NA,NA,NA,NA,1,NA,NA,NA,NA,NA,NA,NA,NA,NA,90,NA,NA,NA,NA,NA,NA,NA,NA,NA,NA,NA,NA,NA,NA,NA,NA,NA,NA,NA,NA,NA,NA,NA,NA,NA,NA,NA,NA,NA,NA,NA,NA,NA,1,NA,NA,20
B3A03,0,1,0.5,2010-08-20,2010-08-20,mown2,weededALL,AAAAA.AAAA,seed0,fert0,roof0,agspray0,bgspray0,molgrain0,nemgrain0,ewex0,phyto0,special0,88,3,7,10,NA,NA,NA,NA,NA,NA,NA,NA,NA,NA,NA,NA,1,NA,NA,NA,NA,NA,NA,NA,NA,NA,90,NA,NA,NA,NA,NA,NA,NA,NA,NA,NA,NA,NA,NA,NA,NA,NA,NA,NA,NA,NA,NA,NA,NA,NA,NA,NA,NA,NA,NA,NA,NA,NA,NA,1,NA,NA,50
B3A04,0,1,0.5,2010-05-24,2010-05-24,mown2,weededALL,AAAAA.AAAA,seed0,fert0,roof0,agspray0,bgspray0,molgrain0,nemgrain0,ewex0,phyto0,special0,50,5,10,50,10,NA,40,NA,NA,NA,0,2,NA,10,2,NA,NA,NA,10,2,NA,NA,NA,NA,NA,NA,NA,NA,NA,NA,NA,NA,NA,NA,NA,NA,NA,NA,NA,NA,NA,NA,NA,NA,NA,NA,NA,NA,NA,NA,NA,NA,NA,NA,NA,NA,NA,NA,NA,NA,NA,NA,NA,NA
B3A04,0,1,0.5,2010-08-20,2010-08-20,mown2,weededALL,AAAAA.AAAA,seed0,fert0,roof0,agspray0,bgspray0,molgrain0,nemgrain0,ewex0,phyto0,special0,75,20,10,12,2,NA,60,NA,NA,NA,0,10,NA,2,2,NA,NA,NA,2,10,NA,NA,NA,NA,NA,NA,NA,NA,NA,NA,NA,NA,NA,NA,NA,NA,NA,NA,NA,NA,NA,NA,NA,NA,NA,NA,NA,NA,NA,NA,NA,NA,NA,NA,NA,NA,NA,NA,NA,NA,NA,NA,NA,NA
B3A05,0,1,0.5,2010-05-24,2010-05-24,mown2,weededALL,AAAAA.AAAA,seed0,fert0,roof0,agspray0,bgspray0,molgrain0,nemgrain0,ewex0,phyto0,special0,90,3,0,10,NA,1,NA,NA,10,NA,NA,NA,NA,NA,NA,NA,NA,NA,30,NA,NA,NA,NA,NA,NA,NA,NA,NA,NA,NA,NA,NA,NA,2,NA,NA,NA,NA,NA,NA,NA,NA,NA,NA,NA,60,NA,NA,NA,NA,NA,NA,NA,2,NA,NA,30,NA,NA,NA,1,NA,NA,NA
B3A05,0,1,0.5,2010-08-20,2010-08-20,mown2,weededALL,AAAAA.AAAA,seed0,fert0,roof0,agspray0,bgspray0,molgrain0,nemgrain0,ewex0,phyto0,special0,90,17,3,3,NA,0,NA,NA,30,NA,NA,NA,NA,NA,NA,NA,NA,NA,50,NA,NA,NA,NA,NA,NA,NA,NA,NA,NA,NA,NA,NA,NA,1,NA,NA,NA,NA,NA,NA,NA,NA,NA,NA,NA,80,NA,NA,NA,NA,NA,NA,NA,20,NA,NA,40,NA,NA,NA,0,NA,NA,NA
B3A06,0,1,0.5,2010-05-24,2010-05-24,mown2,weededALL,AAAAA.AAAA,seed0,fert0,roof0,agspray0,bgspray0,molgrain0,nemgrain0,ewex0,phyto0,special0,70,5,28,30,NA,NA,NA,NA,NA,NA,NA,NA,NA,70,NA,NA,NA,NA,NA,NA,NA,NA,NA,NA,NA,NA,NA,NA,NA,NA,NA,NA,NA,NA,NA,NA,NA,NA,NA,NA,NA,NA,NA,NA,NA,NA,NA,NA,NA,NA,NA,NA,NA,NA,NA,NA,NA,NA,NA,NA,NA,NA,NA,NA
B3A06,0,1,0.5,2010-08-20,2010-08-20,mown2,weededALL,AAAAA.AAAA,seed0,fert0,roof0,agspray0,bgspray0,molgrain0,nemgrain0,ewex0,phyto0,special0,87,17,28,25,NA,NA,NA,NA,NA,NA,NA,NA,NA,90,NA,NA,NA,NA,NA,NA,NA,NA,NA,NA,NA,NA,NA,NA,NA,NA,NA,NA,NA,NA,NA,NA,NA,NA,NA,NA,NA,NA,NA,NA,NA,NA,NA,NA,NA,NA,NA,NA,NA,NA,NA,NA,NA,NA,NA,NA,NA,NA,NA,NA
B3A07,0,1,0.5,2010-05-24,2010-05-24,mown2,weededALL,AAAAA.AAAA,seed0,fert0,roof0,agspray0,bgspray0,molgrain0,nemgrain0,ewex0,phyto0,special0,80,25,0,10,NA,NA,NA,NA,NA,0,NA,NA,NA,NA,0,NA,NA,NA,NA,NA,NA,NA,NA,NA,NA,NA,NA,2,NA,20,NA,NA,NA,NA,NA,NA,NA,NA,NA,NA,NA,NA,NA,60,NA,20,NA,NA,NA,NA,NA,NA,NA,NA,0,NA,30,NA,NA,NA,NA,NA,NA,NA
B3A07,0,1,0.5,2010-08-20,2010-08-20,mown2,weededALL,AAAAA.AAAA,seed0,fert0,roof0,agspray0,bgspray0,molgrain0,nemgrain0,ewex0,phyto0,special0,87,23,0,2,NA,NA,NA,NA,NA,0,NA,NA,NA,NA,2,NA,NA,NA,NA,NA,NA,NA,NA,NA,NA,NA,NA,0,NA,20,NA,NA,NA,NA,NA,NA,NA,NA,NA,NA,NA,NA,NA,80,NA,30,NA,NA,NA,NA,NA,NA,NA,NA,0,NA,40,NA,NA,NA,NA,NA,NA,NA
B3A08,0,1,0.5,2010-05-24,2010-05-24,mown2,weededALL,AAAAA.AAAA,seed0,fert0,roof0,agspray0,bgspray0,molgrain0,nemgrain0,ewex0,phyto0,special0,60,20,5,35,NA,NA,NA,NA,NA,NA,NA,30,40,NA,NA,NA,NA,NA,NA,NA,NA,NA,NA,NA,NA,NA,NA,NA,NA,NA,NA,NA,NA,NA,NA,NA,NA,NA,NA,NA,NA,NA,NA,NA,NA,NA,NA,NA,NA,NA,NA,NA,NA,NA,NA,NA,NA,NA,NA,NA,NA,NA,NA,NA
B3A08,0,1,0.5,2010-08-20,2010-08-20,mown2,weededALL,AAAAA.AAAA,seed0,fert0,roof0,agspray0,bgspray0,molgrain0,nemgrain0,ewex0,phyto0,special0,60,35,10,15,NA,NA,NA,NA,NA,NA,NA,50,10,NA,NA,NA,NA,NA,NA,NA,NA,NA,NA,NA,NA,NA,NA,NA,NA,NA,NA,NA,NA,NA,NA,NA,NA,NA,NA,NA,NA,NA,NA,NA,NA,NA,NA,NA,NA,NA,NA,NA,NA,NA,NA,NA,NA,NA,NA,NA,NA,NA,NA,NA
B3A09,0,1,0.5,2010-05-24,2010-05-24,mown2,weededALL,AAAAA.AAAA,seed0,fert0,roof0,agspray0,bgspray0,molgrain0,nemgrain0,ewex0,phyto0,special0,80,5,15,20,1,1,30,20,40,0,0,2,2,2,2,1,1,1,2,10,NA,NA,NA,NA,NA,NA,NA,NA,NA,NA,NA,NA,NA,NA,NA,NA,NA,NA,NA,NA,NA,NA,NA,NA,NA,NA,NA,NA,NA,NA,NA,NA,NA,NA,NA,NA,NA,NA,NA,NA,NA,NA,NA,NA
B3A09,0,1,0.5,2010-08-20,2010-08-20,mown2,weededALL,AAAAA.AAAA,seed0,fert0,roof0,agspray0,bgspray0,molgrain0,nemgrain0,ewex0,phyto0,special0,95,15,7,5,2,0,50,20,40,0,0,2,1,1,2,0,0,0,2,2,NA,NA,NA,NA,NA,NA,NA,NA,NA,NA,NA,NA,NA,NA,NA,NA,NA,NA,NA,NA,NA,NA,NA,NA,NA,NA,NA,NA,NA,NA,NA,NA,NA,NA,NA,NA,NA,NA,NA,NA,NA,NA,NA,NA
B3A11,0,1,0.5,2010-05-24,2010-05-24,mown2,weededALL,AAAAA.AAAA,seed0,fert0,roof0,agspray0,bgspray0,molgrain0,nemgrain0,ewex0,phyto0,special0,90,5,3,7,NA,NA,NA,NA,80,NA,NA,NA,NA,NA,NA,NA,NA,NA,2,NA,NA,NA,NA,NA,NA,2,NA,NA,30,NA,NA,NA,NA,NA,NA,NA,NA,NA,NA,NA,NA,NA,NA,NA,NA,NA,NA,NA,NA,NA,NA,NA,NA,NA,NA,NA,NA,NA,NA,NA,NA,NA,NA,NA
B3A11,0,1,0.5,2010-08-20,2010-08-20,mown2,weededALL,AAAAA.AAAA,seed0,fert0,roof0,agspray0,bgspray0,molgrain0,nemgrain0,ewex0,phyto0,special0,98,3,6,2,NA,NA,NA,NA,90,NA,NA,NA,NA,NA,NA,NA,NA,NA,1,NA,NA,NA,NA,NA,NA,2,NA,NA,20,NA,NA,NA,NA,NA,NA,NA,NA,NA,NA,NA,NA,NA,NA,NA,NA,NA,NA,NA,NA,NA,NA,NA,NA,NA,NA,NA,NA,NA,NA,NA,NA,NA,NA,NA
B3A12,0,1,0.5,2010-05-24,2010-05-24,mown2,weededALL,AAAAA.AAAA,seed0,fert0,roof0,agspray0,bgspray0,molgrain0,nemgrain0,ewex0,phyto0,special0,20,45,0,50,NA,NA,NA,NA,NA,NA,NA,NA,NA,NA,NA,NA,NA,NA,NA,NA,NA,NA,NA,NA,NA,NA,NA,NA,NA,NA,NA,NA,NA,NA,NA,NA,NA,NA,NA,NA,NA,NA,NA,NA,NA,NA,NA,NA,NA,NA,NA,NA,20,NA,NA,NA,NA,NA,NA,NA,NA,NA,NA,NA
B3A12,0,1,0.5,2010-08-20,2010-08-20,mown2,weededALL,AAAAA.AAAA,seed0,fert0,roof0,agspray0,bgspray0,molgrain0,nemgrain0,ewex0,phyto0,special0,12,75,0,25,NA,NA,NA,NA,NA,NA,NA,NA,NA,NA,NA,NA,NA,NA,NA,NA,NA,NA,NA,NA,NA,NA,NA,NA,NA,NA,NA,NA,NA,NA,NA,NA,NA,NA,NA,NA,NA,NA,NA,NA,NA,NA,NA,NA,NA,NA,NA,NA,10,NA,NA,NA,NA,NA,NA,NA,NA,NA,NA,NA
B3A13,0,1,0.5,2010-05-24,2010-05-24,mown2,weededALL,AAAAA.AAAA,seed0,fert0,roof0,agspray0,bgspray0,molgrain0,nemgrain0,ewex0,phyto0,special0,85,5,5,15,2,1,NA,NA,80,NA,NA,NA,NA,NA,NA,NA,NA,NA,1,NA,NA,NA,NA,NA,NA,NA,NA,NA,NA,NA,NA,NA,NA,NA,NA,NA,NA,NA,NA,NA,NA,NA,NA,NA,NA,NA,NA,NA,NA,NA,NA,NA,NA,NA,NA,NA,NA,NA,NA,NA,NA,NA,NA,NA
B3A13,0,1,0.5,2010-08-20,2010-08-20,mown2,weededALL,AAAAA.AAAA,seed0,fert0,roof0,agspray0,bgspray0,molgrain0,nemgrain0,ewex0,phyto0,special0,90,5,5,10,1,1,NA,NA,90,NA,NA,NA,NA,NA,NA,NA,NA,NA,2,NA,NA,NA,NA,NA,NA,NA,NA,NA,NA,NA,NA,NA,NA,NA,NA,NA,NA,NA,NA,NA,NA,NA,NA,NA,NA,NA,NA,NA,NA,NA,NA,NA,NA,NA,NA,NA,NA,NA,NA,NA,NA,NA,NA,NA
B3A14,0,1,0.5,2010-05-24,2010-05-24,mown2,weededALL,AAAAA.AAAA,seed0,fert0,roof0,agspray0,bgspray0,molgrain0,nemgrain0,ewex0,phyto0,special0,97,1,0,3,10,0,10,2,10,0,0,20,2,1,2,0,1,1,20,2,10,10,2,0,0,20,2,0,0,1,10,10,1,0,0,0,0,2,10,40,0,30,30,2,10,20,1,2,2,10,0,0,20,20,0,1,2,0,2,0,0,2,2,2
B3A14,0,1,0.5,2010-08-20,2010-08-20,mown2,weededALL,AAAAA.AAAA,seed0,fert0,roof0,agspray0,bgspray0,molgrain0,nemgrain0,ewex0,phyto0,special0,100,1,15,0,10,0,30,1,0,0,1,10,0,0,0,1,0,0,10,2,2,0,2,0,1,10,0,2,0,0,2,2,2,0,0,0,0,1,10,20,0,30,20,2,2,10,0,1,0,2,0,0,2,10,0,10,2,0,0,0,0,1,2,2
B3A16,0,1,0.5,2010-05-24,2010-05-24,mown2,weededALL,AAAAA.AAAA,seed0,fert0,roof0,agspray0,bgspray0,molgrain0,nemgrain0,ewex0,phyto0,special0,80,30,0,3,NA,NA,NA,NA,NA,NA,NA,NA,NA,NA,NA,NA,NA,NA,NA,NA,2,NA,20,NA,0,NA,20,NA,1,70,40,20,NA,NA,NA,NA,NA,NA,NA,NA,NA,NA,NA,NA,NA,NA,NA,NA,NA,NA,NA,NA,20,NA,0,NA,20,0,NA,0,0,NA,2,2
B3A16,0,1,0.5,2010-08-20,2010-08-20,mown2,weededALL,AAAAA.AAAA,seed0,fert0,roof0,agspray0,bgspray0,molgrain0,nemgrain0,ewex0,phyto0,special0,97,3,0,3,NA,NA,NA,NA,NA,NA,NA,NA,NA,NA,NA,NA,NA,NA,NA,NA,1,NA,40,NA,2,NA,40,NA,20,50,40,20,NA,NA,NA,NA,NA,NA,NA,NA,NA,NA,NA,NA,NA,NA,NA,NA,NA,NA,NA,NA,10,NA,0,NA,10,0,NA,1,0,NA,1,2
B3A17,0,1,0.5,2010-05-24,2010-05-24,mown2,weededALL,AAAAA.AAAA,seed0,fert0,roof0,agspray0,bgspray0,molgrain0,nemgrain0,ewex0,phyto0,special0,5,50,0,45,NA,NA,NA,NA,NA,NA,NA,NA,NA,NA,NA,NA,NA,NA,NA,NA,NA,NA,NA,NA,NA,NA,NA,NA,NA,NA,NA,2,NA,NA,NA,NA,NA,NA,NA,NA,NA,NA,NA,NA,NA,NA,NA,NA,NA,NA,NA,NA,NA,NA,NA,NA,NA,NA,NA,NA,NA,NA,NA,NA
B3A17,0,1,0.5,2010-08-20,2010-08-20,mown2,weededALL,AAAAA.AAAA,seed0,fert0,roof0,agspray0,bgspray0,molgrain0,nemgrain0,ewex0,phyto0,special0,7,80,0,20,NA,NA,NA,NA,NA,NA,NA,NA,NA,NA,NA,NA,NA,NA,NA,NA,NA,NA,NA,NA,NA,NA,NA,NA,NA,NA,NA,10,NA,NA,NA,NA,NA,NA,NA,NA,NA,NA,NA,NA,NA,NA,NA,NA,NA,NA,NA,NA,NA,NA,NA,NA,NA,NA,NA,NA,NA,NA,NA,NA
B3A19,0,1,0.5,2010-05-24,2010-05-24,mown2,weededALL,AAAAA.AAAA,seed0,fert0,roof0,agspray0,bgspray0,molgrain0,nemgrain0,ewex0,phyto0,special0,50,20,3,30,NA,NA,NA,NA,NA,NA,NA,NA,NA,NA,NA,NA,NA,NA,NA,30,NA,NA,NA,NA,NA,NA,NA,NA,NA,NA,20,NA,NA,NA,NA,NA,NA,NA,NA,NA,NA,NA,NA,NA,NA,NA,NA,NA,NA,NA,NA,NA,NA,NA,NA,NA,NA,NA,NA,NA,NA,NA,NA,NA
B3A19,0,1,0.5,2010-08-20,2010-08-20,mown2,weededALL,AAAAA.AAAA,seed0,fert0,roof0,agspray0,bgspray0,molgrain0,nemgrain0,ewex0,phyto0,special0,85,18,2,13,NA,NA,NA,NA,NA,NA,NA,NA,NA,NA,NA,NA,NA,NA,NA,20,NA,NA,NA,NA,NA,NA,NA,NA,NA,NA,70,NA,NA,NA,NA,NA,NA,NA,NA,NA,NA,NA,NA,NA,NA,NA,NA,NA,NA,NA,NA,NA,NA,NA,NA,NA,NA,NA,NA,NA,NA,NA,NA,NA
B3A20,0,1,0.5,2010-05-24,2010-05-24,mown2,weededALL,AAAAA.AAAA,seed0,fert0,roof0,agspray0,bgspray0,molgrain0,nemgrain0,ewex0,phyto0,special0,80,20,0,7,NA,NA,NA,NA,NA,NA,NA,NA,NA,NA,NA,NA,NA,NA,NA,NA,NA,NA,NA,NA,NA,NA,NA,NA,NA,NA,NA,NA,NA,NA,2,NA,0,NA,NA,NA,NA,NA,NA,20,30,NA,NA,NA,NA,NA,NA,NA,NA,30,NA,NA,NA,0,NA,0,2,NA,NA,NA
B3A20,0,1,0.5,2010-08-20,2010-08-20,mown2,weededALL,AAAAA.AAAA,seed0,fert0,roof0,agspray0,bgspray0,molgrain0,nemgrain0,ewex0,phyto0,special0,98,3,2,1,NA,NA,NA,NA,NA,NA,NA,NA,NA,NA,NA,NA,NA,NA,NA,NA,NA,NA,NA,NA,NA,NA,NA,NA,NA,NA,NA,NA,NA,NA,0,NA,0,NA,NA,NA,NA,NA,NA,80,70,NA,NA,NA,NA,NA,NA,NA,NA,30,NA,NA,NA,0,NA,10,10,NA,NA,NA
B3A21,0,1,0.5,2010-05-24,2010-05-24,mown2,weededALL,AAAAA.AAAA,seed0,fert0,roof0,agspray0,bgspray0,molgrain0,nemgrain0,ewex0,phyto0,special0,35,35,0,35,NA,NA,NA,NA,NA,NA,NA,NA,NA,NA,NA,NA,NA,NA,NA,NA,NA,NA,NA,NA,NA,NA,NA,NA,NA,NA,NA,NA,NA,NA,NA,NA,NA,NA,NA,NA,NA,NA,NA,NA,NA,NA,NA,NA,NA,NA,NA,NA,NA,20,NA,NA,NA,NA,NA,NA,NA,10,NA,NA
B3A21,0,1,0.5,2010-08-20,2010-08-20,mown2,weededALL,AAAAA.AAAA,seed0,fert0,roof0,agspray0,bgspray0,molgrain0,nemgrain0,ewex0,phyto0,special0,73,42,0,17,NA,NA,NA,NA,NA,NA,NA,NA,NA,NA,NA,NA,NA,NA,NA,NA,NA,NA,NA,NA,NA,NA,NA,NA,NA,NA,NA,NA,NA,NA,NA,NA,NA,NA,NA,NA,NA,NA,NA,NA,NA,NA,NA,NA,NA,NA,NA,NA,NA,20,NA,NA,NA,NA,NA,NA,NA,50,NA,NA
B3A22,0,1,0.5,2010-05-24,2010-05-24,mown2,weededALL,AAAAA.AAAA,seed0,fert0,roof0,agspray0,bgspray0,molgrain0,nemgrain0,ewex0,phyto0,special0,90,10,0,2,NA,0,NA,NA,2,NA,NA,NA,NA,2,NA,NA,0,NA,NA,NA,40,20,NA,NA,NA,NA,NA,NA,NA,2,NA,20,NA,NA,NA,NA,NA,NA,NA,30,NA,30,30,NA,NA,NA,NA,NA,NA,10,NA,NA,NA,NA,NA,NA,30,NA,0,0,NA,NA,NA,0
B3A22,0,1,0.5,2010-08-20,2010-08-20,mown2,weededALL,AAAAA.AAAA,seed0,fert0,roof0,agspray0,bgspray0,molgrain0,nemgrain0,ewex0,phyto0,special0,95,5,10,2,NA,0,NA,NA,2,NA,NA,NA,NA,1,NA,NA,1,NA,NA,NA,50,20,NA,NA,NA,NA,NA,NA,NA,1,NA,10,NA,NA,NA,NA,NA,NA,NA,20,NA,50,60,NA,NA,NA,NA,NA,NA,10,NA,NA,NA,NA,NA,NA,20,NA,0,0,NA,NA,NA,0
B3A23,0,1,0.5,2010-05-24,2010-05-24,mown2,weededALL,AAAAA.AAAA,seed0,fert0,roof0,agspray0,bgspray0,molgrain0,nemgrain0,ewex0,phyto0,special0,100,15,0,0,NA,NA,NA,NA,NA,0,NA,NA,NA,NA,NA,NA,NA,NA,NA,NA,NA,NA,NA,NA,NA,NA,NA,NA,NA,90,NA,NA,NA,NA,NA,NA,NA,NA,NA,NA,NA,NA,NA,NA,NA,0,NA,NA,NA,NA,NA,NA,NA,NA,NA,NA,NA,NA,NA,60,NA,NA,NA,NA
B3A23,0,1,0.5,2010-08-20,2010-08-20,mown2,weededALL,AAAAA.AAAA,seed0,fert0,roof0,agspray0,bgspray0,molgrain0,nemgrain0,ewex0,phyto0,special0,95,27,10,0,NA,NA,NA,NA,NA,2,NA,NA,NA,NA,NA,NA,NA,NA,NA,NA,NA,NA,NA,NA,NA,NA,NA,NA,NA,90,NA,NA,NA,NA,NA,NA,NA,NA,NA,NA,NA,NA,NA,NA,NA,0,NA,NA,NA,NA,NA,NA,NA,NA,NA,NA,NA,NA,NA,80,NA,NA,NA,NA
B3A24,0,1,0.5,2010-05-24,2010-05-24,mown2,weededALL,AAAAA.AAAA,seed0,fert0,roof0,agspray0,bgspray0,molgrain0,nemgrain0,ewex0,phyto0,special0,95,3,0,5,NA,0,50,2,NA,0,NA,NA,2,NA,NA,NA,NA,NA,20,NA,20,NA,10,NA,NA,NA,NA,NA,0,1,50,NA,NA,NA,NA,NA,NA,NA,NA,NA,NA,NA,NA,NA,NA,NA,NA,NA,NA,NA,NA,NA,NA,0,NA,1,NA,NA,NA,NA,NA,0,1,2
B3A24,0,1,0.5,2010-08-20,2010-08-20,mown2,weededALL,AAAAA.AAAA,seed0,fert0,roof0,agspray0,bgspray0,molgrain0,nemgrain0,ewex0,phyto0,special0,99,5,13,0,NA,0,10,1,NA,30,NA,NA,0,NA,NA,NA,NA,NA,2,NA,2,NA,20,NA,NA,NA,NA,NA,0,0,50,NA,NA,NA,NA,NA,NA,NA,NA,NA,NA,NA,NA,NA,NA,NA,NA,NA,NA,NA,NA,NA,NA,0,NA,20,NA,NA,NA,NA,NA,1,2,1
B4A01,0,1,0.5,2010-05-24,2010-05-24,mown2,weededALL,AAAAA.AAAA,seed0,fert0,roof0,agspray0,bgspray0,molgrain0,nemgrain0,ewex0,phyto0,special0,100,0,0,0,20,0,20,2,1,0,0,20,1,2,0,0,0,1,20,10,2,2,2,0,0,20,2,0,0,0,30,10,2,0,0,0,0,0,2,30,0,2,20,2,2,0,1,2,2,10,0,2,2,2,0,20,2,0,1,0,0,10,2,2
B4A01,0,1,0.5,2010-08-20,2010-08-20,mown2,weededALL,AAAAA.AAAA,seed0,fert0,roof0,agspray0,bgspray0,molgrain0,nemgrain0,ewex0,phyto0,special0,100,0,10,0,2,0,30,1,0,0,0,10,1,0,0,1,0,0,10,2,1,0,2,0,1,2,2,2,0,0,40,1,0,0,0,0,0,0,1,10,0,10,20,10,2,2,1,0,0,1,0,1,0,1,0,10,1,0,0,0,1,2,0,0
B4A02,0,1,0.5,2010-05-24,2010-05-24,mown2,weededALL,AAAAA.AAAA,seed0,fert0,roof0,agspray0,bgspray0,molgrain0,nemgrain0,ewex0,phyto0,special0,90,10,0,10,NA,NA,20,NA,NA,NA,0,NA,NA,NA,NA,2,1,2,NA,NA,NA,NA,1,NA,1,NA,80,NA,NA,1,0,NA,NA,2,NA,NA,NA,NA,NA,NA,NA,10,NA,1,20,NA,2,NA,2,NA,NA,NA,NA,NA,NA,NA,NA,NA,NA,NA,NA,NA,NA,NA
B4A02,0,1,0.5,2010-08-20,2010-08-20,mown2,weededALL,AAAAA.AAAA,seed0,fert0,roof0,agspray0,bgspray0,molgrain0,nemgrain0,ewex0,phyto0,special0,97,3,2,3,NA,NA,20,NA,NA,NA,0,NA,NA,NA,NA,1,0,1,NA,NA,NA,NA,1,NA,1,NA,60,NA,NA,1,0,NA,NA,0,NA,NA,NA,NA,NA,NA,NA,50,NA,1,40,NA,2,NA,2,NA,NA,NA,NA,NA,NA,NA,NA,NA,NA,NA,NA,NA,NA,NA
B4A03,0,1,0.5,2010-05-24,2010-05-24,mown2,weededALL,AAAAA.AAAA,seed0,fert0,roof0,agspray0,bgspray0,molgrain0,nemgrain0,ewex0,phyto0,special0,5,97,0,3,NA,NA,NA,NA,NA,NA,NA,NA,NA,NA,NA,NA,NA,NA,NA,NA,NA,10,NA,NA,NA,NA,NA,NA,NA,NA,NA,NA,NA,NA,NA,NA,NA,NA,NA,NA,NA,NA,NA,NA,NA,NA,NA,NA,NA,NA,NA,NA,NA,NA,NA,NA,NA,NA,NA,NA,NA,NA,NA,NA
B4A03,0,1,0.5,2010-08-20,2010-08-20,mown2,weededALL,AAAAA.AAAA,seed0,fert0,roof0,agspray0,bgspray0,molgrain0,nemgrain0,ewex0,phyto0,special0,8,92,1,7,NA,NA,NA,NA,NA,NA,NA,NA,NA,NA,NA,NA,NA,NA,NA,NA,NA,10,NA,NA,NA,NA,NA,NA,NA,NA,NA,NA,NA,NA,NA,NA,NA,NA,NA,NA,NA,NA,NA,NA,NA,NA,NA,NA,NA,NA,NA,NA,NA,NA,NA,NA,NA,NA,NA,NA,NA,NA,NA,NA
B4A04,0,1,0.5,2010-05-24,2010-05-24,mown2,weededALL,AAAAA.AAAA,seed0,fert0,roof0,agspray0,bgspray0,molgrain0,nemgrain0,ewex0,phyto0,special0,45,40,2,15,NA,NA,30,NA,NA,NA,NA,NA,NA,NA,NA,NA,NA,NA,NA,NA,NA,NA,NA,NA,NA,10,NA,NA,NA,NA,NA,NA,NA,2,NA,NA,NA,NA,NA,NA,NA,NA,NA,NA,NA,NA,NA,NA,NA,NA,NA,NA,NA,NA,NA,NA,NA,0,NA,NA,NA,NA,NA,NA
B4A04,0,1,0.5,2010-08-20,2010-08-20,mown2,weededALL,AAAAA.AAAA,seed0,fert0,roof0,agspray0,bgspray0,molgrain0,nemgrain0,ewex0,phyto0,special0,85,8,2,15,NA,NA,70,NA,NA,NA,NA,NA,NA,NA,NA,NA,NA,NA,NA,NA,NA,NA,NA,NA,NA,60,NA,NA,NA,NA,NA,NA,NA,1,NA,NA,NA,NA,NA,NA,NA,NA,NA,NA,NA,NA,NA,NA,NA,NA,NA,NA,NA,NA,NA,NA,NA,0,NA,NA,NA,NA,NA,NA
B4A06,0,1,0.5,2010-05-24,2010-05-24,mown2,weededALL,AAAAA.AAAA,seed0,fert0,roof0,agspray0,bgspray0,molgrain0,nemgrain0,ewex0,phyto0,special0,85,10,0,10,NA,NA,NA,NA,NA,NA,NA,NA,NA,NA,NA,NA,NA,NA,NA,NA,20,20,2,2,NA,NA,NA,10,2,NA,50,10,NA,NA,NA,NA,NA,NA,NA,NA,NA,NA,NA,NA,NA,NA,NA,NA,NA,NA,NA,NA,NA,NA,NA,NA,NA,NA,NA,NA,NA,NA,NA,NA
B4A06,0,1,0.5,2010-08-20,2010-08-20,mown2,weededALL,AAAAA.AAAA,seed0,fert0,roof0,agspray0,bgspray0,molgrain0,nemgrain0,ewex0,phyto0,special0,90,6,0,7,NA,NA,NA,NA,NA,NA,NA,NA,NA,NA,NA,NA,NA,NA,NA,NA,2,20,2,2,NA,NA,NA,10,10,NA,70,10,NA,NA,NA,NA,NA,NA,NA,NA,NA,NA,NA,NA,NA,NA,NA,NA,NA,NA,NA,NA,NA,NA,NA,NA,NA,NA,NA,NA,NA,NA,NA,NA
B4A07,0,1,0.5,2010-05-24,2010-05-24,mown2,weededALL,AAAAA.AAAA,seed0,fert0,roof0,agspray0,bgspray0,molgrain0,nemgrain0,ewex0,phyto0,special0,90,25,0,7,NA,NA,NA,NA,NA,NA,NA,NA,NA,NA,NA,NA,NA,NA,NA,NA,NA,NA,NA,NA,NA,NA,NA,NA,NA,NA,NA,NA,NA,NA,NA,NA,0,NA,NA,30,NA,NA,NA,NA,NA,NA,NA,NA,NA,NA,NA,NA,NA,NA,2,NA,NA,NA,NA,NA,NA,NA,60,NA
B4A07,0,1,0.5,2010-08-20,2010-08-20,mown2,weededALL,AAAAA.AAAA,seed0,fert0,roof0,agspray0,bgspray0,molgrain0,nemgrain0,ewex0,phyto0,special0,70,35,0,5,NA,NA,NA,NA,NA,NA,NA,NA,NA,NA,NA,NA,NA,NA,NA,NA,NA,NA,NA,NA,NA,NA,NA,NA,NA,NA,NA,NA,NA,NA,NA,NA,0,NA,NA,10,NA,NA,NA,NA,NA,NA,NA,NA,NA,NA,NA,NA,NA,NA,0,NA,NA,NA,NA,NA,NA,NA,60,NA
B4A08,0,1,0.5,2010-05-24,2010-05-24,mown2,weededALL,AAAAA.AAAA,seed0,fert0,roof0,agspray0,bgspray0,molgrain0,nemgrain0,ewex0,phyto0,special0,75,20,0,25,NA,1,NA,10,NA,0,NA,NA,NA,10,NA,NA,NA,NA,NA,NA,10,NA,NA,NA,NA,20,NA,NA,NA,NA,20,2,NA,NA,NA,NA,NA,NA,NA,NA,NA,NA,NA,NA,NA,NA,NA,NA,NA,NA,NA,NA,NA,NA,NA,NA,NA,NA,NA,NA,NA,NA,NA,NA
B4A08,0,1,0.5,2010-08-20,2010-08-20,mown2,weededALL,AAAAA.AAAA,seed0,fert0,roof0,agspray0,bgspray0,molgrain0,nemgrain0,ewex0,phyto0,special0,80,10,7,18,NA,0,NA,30,NA,0,NA,NA,NA,20,NA,NA,NA,NA,NA,NA,10,NA,NA,NA,NA,40,NA,NA,NA,NA,70,10,NA,NA,NA,NA,NA,NA,NA,NA,NA,NA,NA,NA,NA,NA,NA,NA,NA,NA,NA,NA,NA,NA,NA,NA,NA,NA,NA,NA,NA,NA,NA,NA
B4A09,0,1,0.5,2010-05-24,2010-05-24,mown2,weededALL,AAAAA.AAAA,seed0,fert0,roof0,agspray0,bgspray0,molgrain0,nemgrain0,ewex0,phyto0,special0,40,30,0,30,NA,NA,NA,NA,NA,NA,NA,NA,NA,NA,NA,NA,NA,NA,NA,NA,NA,NA,NA,NA,NA,NA,NA,NA,NA,NA,NA,NA,NA,NA,NA,NA,NA,NA,NA,NA,NA,NA,NA,NA,NA,NA,NA,NA,NA,NA,NA,NA,NA,NA,NA,NA,NA,NA,NA,NA,NA,NA,40,NA
B4A09,0,1,0.5,2010-08-20,2010-08-20,mown2,weededALL,AAAAA.AAAA,seed0,fert0,roof0,agspray0,bgspray0,molgrain0,nemgrain0,ewex0,phyto0,special0,70,42,0,20,NA,NA,NA,NA,NA,NA,NA,NA,NA,NA,NA,NA,NA,NA,NA,NA,NA,NA,NA,NA,NA,NA,NA,NA,NA,NA,NA,NA,NA,NA,NA,NA,NA,NA,NA,NA,NA,NA,NA,NA,NA,NA,NA,NA,NA,NA,NA,NA,NA,NA,NA,NA,NA,NA,NA,NA,NA,NA,70,NA
B4A10,0,1,0.5,2010-05-24,2010-05-24,mown2,weededALL,AAAAA.AAAA,seed0,fert0,roof0,agspray0,bgspray0,molgrain0,nemgrain0,ewex0,phyto0,special0,90,10,0,6,NA,NA,NA,NA,30,NA,NA,NA,1,NA,NA,NA,NA,NA,NA,NA,10,NA,NA,NA,NA,NA,40,10,NA,NA,NA,NA,2,NA,NA,1,NA,NA,NA,NA,NA,NA,NA,NA,NA,NA,NA,2,NA,NA,NA,NA,NA,NA,NA,NA,NA,NA,NA,NA,NA,NA,NA,NA
B4A10,0,1,0.5,2010-08-20,2010-08-20,mown2,weededALL,AAAAA.AAAA,seed0,fert0,roof0,agspray0,bgspray0,molgrain0,nemgrain0,ewex0,phyto0,special0,85,9,0,6,NA,NA,NA,NA,50,NA,NA,NA,0,NA,NA,NA,NA,NA,NA,NA,0,NA,NA,NA,NA,NA,70,2,NA,NA,NA,NA,10,NA,NA,0,NA,NA,NA,NA,NA,NA,NA,NA,NA,NA,NA,10,NA,NA,NA,NA,NA,NA,NA,NA,NA,NA,NA,NA,NA,NA,NA,NA
B4A11,0,1,0.5,2010-05-24,2010-05-24,mown2,weededALL,AAAAA.AAAA,seed0,fert0,roof0,agspray0,bgspray0,molgrain0,nemgrain0,ewex0,phyto0,special0,85,10,0,15,NA,NA,NA,NA,NA,NA,NA,NA,NA,NA,NA,NA,NA,NA,NA,10,NA,NA,NA,NA,NA,NA,NA,NA,NA,NA,NA,NA,NA,NA,NA,NA,NA,NA,NA,NA,NA,NA,NA,60,NA,NA,NA,NA,NA,NA,NA,1,NA,NA,NA,20,NA,NA,NA,NA,NA,NA,NA,NA
B4A11,0,1,0.5,2010-08-20,2010-08-20,mown2,weededALL,AAAAA.AAAA,seed0,fert0,roof0,agspray0,bgspray0,molgrain0,nemgrain0,ewex0,phyto0,special0,96,6,2,2,NA,NA,NA,NA,NA,NA,NA,NA,NA,NA,NA,NA,NA,NA,NA,20,NA,NA,NA,NA,NA,NA,NA,NA,NA,NA,NA,NA,NA,NA,NA,NA,NA,NA,NA,NA,NA,NA,NA,80,NA,NA,NA,NA,NA,NA,NA,0,NA,NA,NA,60,NA,NA,NA,NA,NA,NA,NA,NA
B4A12,0,1,0.5,2010-05-24,2010-05-24,mown2,weededALL,AAAAA.AAAA,seed0,fert0,roof0,agspray0,bgspray0,molgrain0,nemgrain0,ewex0,phyto0,special0,40,30,0,30,NA,NA,NA,NA,NA,NA,NA,NA,NA,NA,NA,NA,NA,40,NA,NA,NA,NA,NA,NA,NA,NA,NA,NA,NA,NA,NA,NA,NA,NA,NA,NA,NA,NA,NA,NA,NA,NA,NA,NA,NA,NA,NA,NA,NA,NA,NA,NA,NA,NA,NA,NA,NA,NA,NA,NA,NA,NA,NA,NA
B4A12,0,1,0.5,2010-08-20,2010-08-20,mown2,weededALL,AAAAA.AAAA,seed0,fert0,roof0,agspray0,bgspray0,molgrain0,nemgrain0,ewex0,phyto0,special0,40,60,0,25,NA,NA,NA,NA,NA,NA,NA,NA,NA,NA,NA,NA,NA,40,NA,NA,NA,NA,NA,NA,NA,NA,NA,NA,NA,NA,NA,NA,NA,NA,NA,NA,NA,NA,NA,NA,NA,NA,NA,NA,NA,NA,NA,NA,NA,NA,NA,NA,NA,NA,NA,NA,NA,NA,NA,NA,NA,NA,NA,NA
B4A13,0,1,0.5,2010-05-24,2010-05-24,mown2,weededALL,AAAAA.AAAA,seed0,fert0,roof0,agspray0,bgspray0,molgrain0,nemgrain0,ewex0,phyto0,special0,46,30,0,40,NA,NA,NA,NA,NA,NA,NA,NA,NA,NA,NA,NA,NA,NA,NA,NA,NA,NA,NA,NA,NA,NA,NA,NA,NA,NA,NA,NA,NA,NA,NA,NA,NA,NA,50,NA,NA,NA,NA,NA,NA,NA,NA,NA,NA,NA,NA,NA,NA,NA,NA,NA,NA,NA,NA,NA,NA,NA,NA,NA
B4A13,0,1,0.5,2010-08-20,2010-08-20,mown2,weededALL,AAAAA.AAAA,seed0,fert0,roof0,agspray0,bgspray0,molgrain0,nemgrain0,ewex0,phyto0,special0,50,67,0,15,NA,NA,NA,NA,NA,NA,NA,NA,NA,NA,NA,NA,NA,NA,NA,NA,NA,NA,NA,NA,NA,NA,NA,NA,NA,NA,NA,NA,NA,NA,NA,NA,NA,NA,50,NA,NA,NA,NA,NA,NA,NA,NA,NA,NA,NA,NA,NA,NA,NA,NA,NA,NA,NA,NA,NA,NA,NA,NA,NA
B4A14,0,1,0.5,2010-05-24,2010-05-24,mown2,weededALL,AAAAA.AAAA,seed0,fert0,roof0,agspray0,bgspray0,molgrain0,nemgrain0,ewex0,phyto0,special0,80,15,0,10,NA,NA,NA,NA,NA,NA,NA,NA,NA,NA,NA,NA,NA,NA,NA,NA,NA,50,NA,NA,NA,30,NA,NA,NA,NA,NA,NA,NA,NA,NA,NA,NA,NA,NA,NA,NA,NA,NA,NA,NA,NA,NA,NA,NA,NA,NA,NA,NA,NA,NA,NA,NA,NA,NA,NA,NA,NA,NA,NA
B4A14,0,1,0.5,2010-08-20,2010-08-20,mown2,weededALL,AAAAA.AAAA,seed0,fert0,roof0,agspray0,bgspray0,molgrain0,nemgrain0,ewex0,phyto0,special0,80,17,0,8,NA,NA,NA,NA,NA,NA,NA,NA,NA,NA,NA,NA,NA,NA,NA,NA,NA,30,NA,NA,NA,80,NA,NA,NA,NA,NA,NA,NA,NA,NA,NA,NA,NA,NA,NA,NA,NA,NA,NA,NA,NA,NA,NA,NA,NA,NA,NA,NA,NA,NA,NA,NA,NA,NA,NA,NA,NA,NA,NA
B4A15,0,1,0.5,2010-05-24,2010-05-24,mown2,weededALL,AAAAA.AAAA,seed0,fert0,roof0,agspray0,bgspray0,molgrain0,nemgrain0,ewex0,phyto0,special0,55,35,0,20,NA,NA,NA,NA,NA,NA,NA,NA,NA,NA,NA,NA,NA,NA,NA,NA,NA,NA,NA,NA,NA,NA,NA,NA,NA,20,NA,NA,NA,NA,NA,NA,NA,NA,NA,NA,NA,NA,NA,NA,NA,NA,NA,NA,NA,NA,NA,NA,NA,NA,30,NA,NA,NA,NA,NA,NA,NA,NA,NA
B4A15,0,1,0.5,2010-08-20,2010-08-20,mown2,weededALL,AAAAA.AAAA,seed0,fert0,roof0,agspray0,bgspray0,molgrain0,nemgrain0,ewex0,phyto0,special0,20,90,1,5,NA,NA,NA,NA,NA,NA,NA,NA,NA,NA,NA,NA,NA,NA,NA,NA,NA,NA,NA,NA,NA,NA,NA,NA,NA,20,NA,NA,NA,NA,NA,NA,NA,NA,NA,NA,NA,NA,NA,NA,NA,NA,NA,NA,NA,NA,NA,NA,NA,NA,0,NA,NA,NA,NA,NA,NA,NA,NA,NA
B4A16,0,1,0.5,2010-05-24,2010-05-24,mown2,weededALL,AAAAA.AAAA,seed0,fert0,roof0,agspray0,bgspray0,molgrain0,nemgrain0,ewex0,phyto0,special0,95,10,0,4,NA,NA,NA,NA,NA,NA,NA,NA,NA,NA,NA,NA,1,NA,20,NA,NA,NA,NA,NA,NA,NA,NA,20,NA,NA,80,NA,NA,1,NA,NA,NA,NA,NA,NA,NA,NA,NA,NA,NA,NA,NA,NA,NA,NA,2,NA,NA,NA,NA,NA,NA,NA,10,0,NA,NA,NA,NA
B4A16,0,1,0.5,2010-08-20,2010-08-20,mown2,weededALL,AAAAA.AAAA,seed0,fert0,roof0,agspray0,bgspray0,molgrain0,nemgrain0,ewex0,phyto0,special0,90,5,2,8,NA,NA,NA,NA,NA,NA,NA,NA,NA,NA,NA,NA,2,NA,20,NA,NA,NA,NA,NA,NA,NA,NA,20,NA,NA,80,NA,NA,1,NA,NA,NA,NA,NA,NA,NA,NA,NA,NA,NA,NA,NA,NA,NA,NA,2,NA,NA,NA,NA,NA,NA,NA,0,0,NA,NA,NA,NA
B4A17,0,1,0.5,2010-05-24,2010-05-24,mown2,weededALL,AAAAA.AAAA,seed0,fert0,roof0,agspray0,bgspray0,molgrain0,nemgrain0,ewex0,phyto0,special0,60,20,0,20,NA,NA,NA,NA,NA,NA,NA,NA,NA,NA,NA,NA,NA,NA,NA,NA,NA,NA,NA,NA,NA,NA,NA,NA,NA,NA,NA,NA,NA,NA,NA,NA,NA,NA,NA,NA,10,NA,NA,50,NA,NA,NA,NA,NA,NA,NA,NA,NA,NA,NA,NA,NA,NA,NA,NA,NA,NA,NA,NA
B4A17,0,1,0.5,2010-08-20,2010-08-20,mown2,weededALL,AAAAA.AAAA,seed0,fert0,roof0,agspray0,bgspray0,molgrain0,nemgrain0,ewex0,phyto0,special0,63,70,0,10,NA,NA,NA,NA,NA,NA,NA,NA,NA,NA,NA,NA,NA,NA,NA,NA,NA,NA,NA,NA,NA,NA,NA,NA,NA,NA,NA,NA,NA,NA,NA,NA,NA,NA,NA,NA,30,NA,NA,60,NA,NA,NA,NA,NA,NA,NA,NA,NA,NA,NA,NA,NA,NA,NA,NA,NA,NA,NA,NA
B4A18,0,1,0.5,2010-05-24,2010-05-24,mown2,weededALL,AAAAA.AAAA,seed0,fert0,roof0,agspray0,bgspray0,molgrain0,nemgrain0,ewex0,phyto0,special0,90,20,0,4,30,NA,NA,NA,NA,0,0,NA,NA,NA,NA,1,NA,NA,NA,NA,NA,NA,NA,1,NA,NA,10,NA,NA,NA,20,30,NA,NA,NA,0,NA,NA,NA,20,NA,NA,NA,10,NA,NA,NA,20,NA,NA,NA,NA,10,NA,NA,NA,20,0,NA,NA,0,NA,NA,NA
B4A18,0,1,0.5,2010-08-20,2010-08-20,mown2,weededALL,AAAAA.AAAA,seed0,fert0,roof0,agspray0,bgspray0,molgrain0,nemgrain0,ewex0,phyto0,special0,90,20,0,2,10,NA,NA,NA,NA,0,0,NA,NA,NA,NA,1,NA,NA,NA,NA,NA,NA,NA,2,NA,NA,10,NA,NA,NA,20,50,NA,NA,NA,0,NA,NA,NA,10,NA,NA,NA,10,NA,NA,NA,10,NA,NA,NA,NA,10,NA,NA,NA,20,0,NA,NA,0,NA,NA,NA
B4A20,0,1,0.5,2010-05-24,2010-05-24,mown2,weededALL,AAAAA.AAAA,seed0,fert0,roof0,agspray0,bgspray0,molgrain0,nemgrain0,ewex0,phyto0,special0,85,3,0,15,NA,NA,NA,NA,NA,NA,NA,NA,NA,NA,NA,NA,NA,NA,NA,NA,NA,NA,NA,NA,NA,NA,NA,NA,NA,NA,NA,NA,NA,2,0,NA,0,40,1,NA,NA,NA,20,NA,NA,NA,NA,NA,NA,2,NA,10,NA,NA,NA,2,NA,1,50,0,0,2,0,0
B4A20,0,1,0.5,2010-08-20,2010-08-20,mown2,weededALL,AAAAA.AAAA,seed0,fert0,roof0,agspray0,bgspray0,molgrain0,nemgrain0,ewex0,phyto0,special0,88,15,0,10,NA,NA,NA,NA,NA,NA,NA,NA,NA,NA,NA,NA,NA,NA,NA,NA,NA,NA,NA,NA,NA,NA,NA,NA,NA,NA,NA,NA,NA,1,0,NA,0,30,0,NA,NA,NA,40,NA,NA,NA,NA,NA,NA,10,NA,2,NA,NA,NA,20,NA,0,0,0,0,10,0,1
B4A21,0,1,0.5,2010-05-24,2010-05-24,mown2,weededALL,AAAAA.AAAA,seed0,fert0,roof0,agspray0,bgspray0,molgrain0,nemgrain0,ewex0,phyto0,special0,55,15,0,35,NA,NA,NA,NA,NA,NA,NA,NA,NA,NA,NA,NA,NA,NA,NA,NA,NA,NA,NA,NA,NA,NA,NA,NA,NA,NA,NA,NA,NA,NA,NA,NA,NA,NA,NA,NA,1,NA,NA,NA,NA,NA,NA,NA,NA,NA,NA,NA,NA,NA,NA,50,NA,NA,NA,NA,NA,NA,NA,NA
B4A21,0,1,0.5,2010-08-20,2010-08-20,mown2,weededALL,AAAAA.AAAA,seed0,fert0,roof0,agspray0,bgspray0,molgrain0,nemgrain0,ewex0,phyto0,special0,70,35,0,6,NA,NA,NA,NA,NA,NA,NA,NA,NA,NA,NA,NA,NA,NA,NA,NA,NA,NA,NA,NA,NA,NA,NA,NA,NA,NA,NA,NA,NA,NA,NA,NA,NA,NA,NA,NA,2,NA,NA,NA,NA,NA,NA,NA,NA,NA,NA,NA,NA,NA,NA,70,NA,NA,NA,NA,NA,NA,NA,NA
B4A22,0,1,0.5,2010-05-24,2010-05-24,mown2,weededALL,AAAAA.AAAA,seed0,fert0,roof0,agspray0,bgspray0,molgrain0,nemgrain0,ewex0,phyto0,special0,90,5,0,10,NA,NA,NA,NA,NA,NA,NA,NA,NA,NA,NA,NA,NA,NA,NA,NA,NA,NA,NA,NA,NA,NA,NA,NA,NA,NA,NA,NA,NA,NA,0,NA,0,NA,NA,NA,NA,NA,20,NA,90,NA,NA,NA,NA,NA,NA,NA,NA,NA,NA,NA,NA,NA,NA,NA,NA,NA,NA,NA
B4A22,0,1,0.5,2010-08-20,2010-08-20,mown2,weededALL,AAAAA.AAAA,seed0,fert0,roof0,agspray0,bgspray0,molgrain0,nemgrain0,ewex0,phyto0,special0,95,6,1,5,NA,NA,NA,NA,NA,NA,NA,NA,NA,NA,NA,NA,NA,NA,NA,NA,NA,NA,NA,NA,NA,NA,NA,NA,NA,NA,NA,NA,NA,NA,0,NA,0,NA,NA,NA,NA,NA,30,NA,90,NA,NA,NA,NA,NA,NA,NA,NA,NA,NA,NA,NA,NA,NA,NA,NA,NA,NA,NA
