response,predictor,r2_part,R2_model,p,F_val,estimate,effect_size,effect_size_st,lambda,formula,Dimens,AG_BG,Ecos_Function,Tr_Group,Trophic_level
o_Plants,sowndiv,0.195,0.3367869904200542,2.238413506598744e-6,26.51839116197791,0.14715064123009852,0.8234899205122914,0.4304492213732965,0,log(o_Plants) ~ block + log2(sowndiv) + leg.ef + gr.ef + sh.ef + th.ef,flow,AG,Carbon_uptake,NA,NA
o_Plants,numfg,0.002,0.2638217671885507,0.005731769864645241,8.097172837351684,-0.021195874110456966,-1.17391611063785,-0.055077361874036015,0,log(o_Plants) ~ block + numfg + log2(sowndiv),flow,AG,Carbon_uptake,NA,NA
o_Plants,leg.ef,0.044,0.33678699042005433,0.7360726575988186,0.11450354130376557,-0.17580989226890606,-9.857545429353486,-0.20013944556282887,0,log(o_Plants) ~ block + leg.ef + log2(sowndiv) + gr.ef + sh.ef + th.ef,flow,AG,Carbon_uptake,NA,NA
o_Plants,gr.ef,0.027,0.33678699042005417,3.24212013215665e-4,14.284235324571698,0.1432415490289997,7.932506786382355,0.1610550538699436,0,log(o_Plants) ~ block + gr.ef + log2(sowndiv) + leg.ef + sh.ef + th.ef,flow,AG,Carbon_uptake,NA,NA
o_Plants,sh.ef,0.002,0.3367869904200543,0.014155277715935092,6.3271163633568746,0.03885309983752768,2.159405508085406,0.043911620413528876,0,log(o_Plants) ~ block + sh.ef + log2(sowndiv) + leg.ef + gr.ef + th.ef,flow,AG,Carbon_uptake,NA,NA
o_Plants,th.ef,0.01,0.3367869904200542,0.3252866488862256,0.9811180686981115,-0.08569823658461699,-4.789263645106587,-0.09702310054837453,0,log(o_Plants) ~ block + th.ef + log2(sowndiv) + leg.ef + gr.ef + sh.ef,flow,AG,Carbon_uptake,NA,NA
Plants_AG.Herbivores,sowndiv,0.099,0.3392462966584985,0.003631646805054142,9.050655484006523,0.09964620776306782,7.06408301639084e-4,0.2352232314887733,0.20000000000000018,(Plants_AG.Herbivores ^ lambda -1)/lambda ~ block + log2(sowndiv) + leg.ef + gr.ef + sh.ef + th.ef,flow,AG,Herbivory,NA,NA
Plants_AG.Herbivores,numfg,0.002,0.14445355932600576,0.16337554181158048,1.981918279493384,-0.021762961052511444,-0.0015145415378756803,-0.045266616591727246,0.20000000000000018,(Plants_AG.Herbivores ^ lambda -1)/lambda ~ block + numfg + log2(sowndiv),flow,AG,Herbivory,NA,NA
Plants_AG.Herbivores,leg.ef,0.01,0.3392462966584985,0.005190547502585807,8.318854207711126,0.08421696482692001,0.005948164000652026,0.0769321054422905,0.20000000000000018,(Plants_AG.Herbivores ^ lambda -1)/lambda ~ block + leg.ef + log2(sowndiv) + gr.ef + sh.ef + th.ef,flow,AG,Herbivory,NA,NA
Plants_AG.Herbivores,gr.ef,0.178,0.3392462966584983,0.016576600664113907,6.022813431371257,-0.4037722211526336,-0.02967601560425837,-0.383822362887708,0.20000000000000018,(Plants_AG.Herbivores ^ lambda -1)/lambda ~ block + gr.ef + log2(sowndiv) + leg.ef + sh.ef + th.ef,flow,AG,Herbivory,NA,NA
Plants_AG.Herbivores,sh.ef,0.048,0.3392462966584984,0.013178335803568421,6.46579399477861,0.1892395764153717,0.013362070795616663,0.17309311996311666,0.20000000000000018,(Plants_AG.Herbivores ^ lambda -1)/lambda ~ block + sh.ef + log2(sowndiv) + leg.ef + gr.ef + th.ef,flow,AG,Herbivory,NA,NA
Plants_AG.Herbivores,th.ef,0,0.33924629665849854,0.5264384936814668,0.40524792458381953,0.017098236879980595,0.0012113347681161415,0.015632605396111728,0.20000000000000018,(Plants_AG.Herbivores ^ lambda -1)/lambda ~ block + th.ef + log2(sowndiv) + leg.ef + gr.ef + sh.ef,flow,AG,Herbivory,NA,NA
AG.Herbivores_AG.Carnivores,sowndiv,0.07,0.15758390959793372,0.09970125422515186,2.7825484243554435,0.015073814363696932,4.259576983675072e-5,0.2576480421911913,0.40000000000000036,(AG.Herbivores_AG.Carnivores ^ lambda -1)/lambda ~ block + log2(sowndiv) + leg.ef + gr.ef + sh.ef + th.ef,flow,AG,Predation,NA,NA
AG.Herbivores_AG.Carnivores,numfg,0.031,0.13402234216194428,0.9023991326011934,0.015141914699504775,-0.013776360753863083,-3.8139221565958197e-4,-0.20706401371637365,0.40000000000000036,(AG.Herbivores_AG.Carnivores ^ lambda -1)/lambda ~ block + numfg + log2(sowndiv),flow,AG,Predation,NA,NA
AG.Herbivores_AG.Carnivores,leg.ef,0.004,0.15758390959793364,0.827221976897403,0.04799284324662425,-0.009800078223495146,-2.8086856047882707e-4,-0.06598781827803699,0.40000000000000036,(AG.Herbivores_AG.Carnivores ^ lambda -1)/lambda ~ block + leg.ef + log2(sowndiv) + gr.ef + sh.ef + th.ef,flow,AG,Predation,NA,NA
AG.Herbivores_AG.Carnivores,gr.ef,0.022,0.1575839095979337,0.618732357645936,0.24984143133285033,-0.02386562565315079,-6.864817837119578e-4,-0.1612833957547278,0.40000000000000036,(AG.Herbivores_AG.Carnivores ^ lambda -1)/lambda ~ block + gr.ef + log2(sowndiv) + leg.ef + sh.ef + th.ef,flow,AG,Predation,NA,NA
AG.Herbivores_AG.Carnivores,sh.ef,0,0.1575839095979337,0.3930049557725297,0.7385913236503595,0.002371965082683735,6.779081171731692e-5,0.015951915085068435,0.40000000000000036,(AG.Herbivores_AG.Carnivores ^ lambda -1)/lambda ~ block + sh.ef + log2(sowndiv) + leg.ef + gr.ef + th.ef,flow,AG,Predation,NA,NA
AG.Herbivores_AG.Carnivores,th.ef,0.027,0.15758390959793375,0.37393299338429364,0.8006146827150724,-0.0261655166887088,-7.546745937778432e-4,-0.1769142720579358,0.40000000000000036,(AG.Herbivores_AG.Carnivores ^ lambda -1)/lambda ~ block + th.ef + log2(sowndiv) + leg.ef + gr.ef + sh.ef,flow,AG,Predation,NA,NA
AG.Decomposers_AG.Carnivores,sowndiv,0.058,0.2836436176596124,1.4026375928699e-4,16.20865938209047,0.00981621926065605,1.5794769946247616e-5,0.21673426423828362,0.40000000000000036,(AG.Decomposers_AG.Carnivores ^ lambda -1)/lambda ~ block + log2(sowndiv) + leg.ef + gr.ef + sh.ef + th.ef,flow,AG,Predation,NA,NA
AG.Decomposers_AG.Carnivores,numfg,0.039,0.22899954127702105,2.5071631915553355e-4,14.805377674099187,0.011296968470248556,1.9005437280714488e-4,0.2340801385579738,0.40000000000000036,(AG.Decomposers_AG.Carnivores ^ lambda -1)/lambda ~ block + numfg + log2(sowndiv),flow,AG,Predation,NA,NA
AG.Decomposers_AG.Carnivores,leg.ef,0.064,0.2836436176596127,7.473790005552397e-4,12.421201076107888,0.028028396382947487,4.520636616160466e-4,0.24094290143971966,0.40000000000000036,(AG.Decomposers_AG.Carnivores ^ lambda -1)/lambda ~ block + leg.ef + log2(sowndiv) + gr.ef + sh.ef + th.ef,flow,AG,Predation,NA,NA
AG.Decomposers_AG.Carnivores,gr.ef,0.002,0.2836436176596124,0.09948585184309389,2.7861595715735157,0.005197146649833163,8.442075893885207e-5,0.04499495165737548,0.40000000000000036,(AG.Decomposers_AG.Carnivores ^ lambda -1)/lambda ~ block + gr.ef + log2(sowndiv) + leg.ef + sh.ef + th.ef,flow,AG,Predation,NA,NA
AG.Decomposers_AG.Carnivores,sh.ef,0.025,0.2836436176596124,0.00179700946045317,10.524863370105626,0.017885416101597634,2.89943141541978e-4,0.15477782208089408,0.40000000000000036,(AG.Decomposers_AG.Carnivores ^ lambda -1)/lambda ~ block + sh.ef + log2(sowndiv) + leg.ef + gr.ef + th.ef,flow,AG,Predation,NA,NA
AG.Decomposers_AG.Carnivores,th.ef,0.006,0.2836436176596124,0.4821177457264194,0.4993061001008024,-0.00892779694787285,-1.4590032325483893e-4,-0.07759134681625568,0.40000000000000036,(AG.Decomposers_AG.Carnivores ^ lambda -1)/lambda ~ block + th.ef + log2(sowndiv) + leg.ef + gr.ef + sh.ef,flow,AG,Predation,NA,NA
Plants_AG.Omnivores,sowndiv,0.099,0.32794372182004244,2.0971837488860008e-4,15.277921093990868,0.10885478099457163,2.536750026930806e-4,0.229261969041541,0.20000000000000018,(Plants_AG.Omnivores ^ lambda -1)/lambda ~ block + log2(sowndiv) + leg.ef + gr.ef + sh.ef + th.ef,flow,AG,Herbivory,NA,NA
Plants_AG.Omnivores,numfg,0.005,0.1996113399395824,0.006970647989040134,7.704729725026016,0.033633485531226755,7.811325284215383e-4,0.06336530011439993,0.20000000000000018,(Plants_AG.Omnivores ^ lambda -1)/lambda ~ block + numfg + log2(sowndiv),flow,AG,Herbivory,NA,NA
Plants_AG.Omnivores,leg.ef,0.13,0.3279437218200426,2.0133775140590785e-5,20.877689506303597,0.3458443235005532,0.007853470528070488,0.275686962907468,0.20000000000000018,(Plants_AG.Omnivores ^ lambda -1)/lambda ~ block + leg.ef + log2(sowndiv) + gr.ef + sh.ef + th.ef,flow,AG,Herbivory,NA,NA
Plants_AG.Omnivores,gr.ef,0.007,0.3279437218200425,0.9094322720123444,0.013032766156127914,-0.08168744296905252,-0.0018887075866877451,-0.06630088653584928,0.20000000000000018,(Plants_AG.Omnivores ^ lambda -1)/lambda ~ block + gr.ef + log2(sowndiv) + leg.ef + sh.ef + th.ef,flow,AG,Herbivory,NA,NA
Plants_AG.Omnivores,sh.ef,0.001,0.3279437218200425,0.10422282840280693,2.7086931662880436,-0.03410033630428897,-7.842999297487906e-4,-0.027575166317731496,0.20000000000000018,(Plants_AG.Omnivores ^ lambda -1)/lambda ~ block + sh.ef + log2(sowndiv) + leg.ef + gr.ef + th.ef,flow,AG,Herbivory,NA,NA
Plants_AG.Omnivores,th.ef,0.018,0.32794372182004244,0.5668665048653927,0.3310397685581994,-0.12454684288874553,-0.0029017582518410905,-0.10163852121625634,0.20000000000000018,(Plants_AG.Omnivores ^ lambda -1)/lambda ~ block + th.ef + log2(sowndiv) + leg.ef + gr.ef + sh.ef,flow,AG,Herbivory,NA,NA
AG.Herbivores_AG.Omnivores,sowndiv,0.197,0.30136234640535997,3.992532878815775e-5,19.197420001222362,0.0929159832458565,1.4555236893432532e-5,0.288109142944156,0.20000000000000018,(AG.Herbivores_AG.Omnivores ^ lambda -1)/lambda ~ block + log2(sowndiv) + leg.ef + gr.ef + sh.ef + th.ef,flow,AG,Predation,NA,NA
AG.Herbivores_AG.Omnivores,numfg,0.02,0.25061144789329654,0.08323500105106375,3.0833532328713362,-0.09227304559387058,-5.0397448563821624e-5,-0.08954034038427598,0.10000000000000009,(AG.Herbivores_AG.Omnivores ^ lambda -1)/lambda ~ block + numfg + log2(sowndiv),flow,AG,Predation,NA,NA
AG.Herbivores_AG.Omnivores,leg.ef,0.005,0.30136234640535986,0.05263315095742429,3.8844882948707973,0.03440312537203272,4.925533206793126e-5,0.03786964901608698,0.20000000000000018,(AG.Herbivores_AG.Omnivores ^ lambda -1)/lambda ~ block + leg.ef + log2(sowndiv) + gr.ef + sh.ef + th.ef,flow,AG,Predation,NA,NA
AG.Herbivores_AG.Omnivores,gr.ef,0.003,0.3013623464053599,0.31251230557368886,1.0346948229060398,-0.030205650304461488,-4.367199357079623e-5,-0.0335769346977082,0.20000000000000018,(AG.Herbivores_AG.Omnivores ^ lambda -1)/lambda ~ block + gr.ef + log2(sowndiv) + leg.ef + sh.ef + th.ef,flow,AG,Predation,NA,NA
AG.Herbivores_AG.Omnivores,sh.ef,0.004,0.3013623464053601,0.1278561650692575,2.3734906862665603,-0.034307034705835425,-4.955282452644724e-5,-0.0381581926942626,0.20000000000000018,(AG.Herbivores_AG.Omnivores ^ lambda -1)/lambda ~ block + sh.ef + log2(sowndiv) + leg.ef + gr.ef + th.ef,flow,AG,Predation,NA,NA
AG.Herbivores_AG.Omnivores,th.ef,0.048,0.3013623464053599,0.9316880429213599,0.007400438913485488,-0.11988323599291398,-1.780519106810465e-4,-0.1365925981669187,0.20000000000000018,(AG.Herbivores_AG.Omnivores ^ lambda -1)/lambda ~ block + th.ef + log2(sowndiv) + leg.ef + gr.ef + sh.ef,flow,AG,Predation,NA,NA
AG.Decomposers_AG.Omnivores,sowndiv,0.044,0.23852612193021833,0.20984904671017457,1.6013505702172954,0.12322577414031931,3.9723160320751375e-6,0.04064373212014135,0.10000000000000009,(AG.Decomposers_AG.Omnivores ^ lambda -1)/lambda ~ block + log2(sowndiv) + leg.ef + gr.ef + sh.ef + th.ef,flow,AG,Predation,NA,NA
AG.Decomposers_AG.Omnivores,numfg,0.012,0.10129562460509338,0.9857715048775268,3.2019837781098687e-4,-0.09571096477808408,-2.709789451589541e-5,-0.024886152806172516,0.10000000000000009,(AG.Decomposers_AG.Omnivores ^ lambda -1)/lambda ~ block + numfg + log2(sowndiv),flow,AG,Predation,NA,NA
AG.Decomposers_AG.Omnivores,leg.ef,0.045,0.2385261219302185,0.01089730061766143,6.836904521202566,0.3409290423918626,1.0419745750227628e-4,0.04141018545824987,0.10000000000000009,(AG.Decomposers_AG.Omnivores ^ lambda -1)/lambda ~ block + leg.ef + log2(sowndiv) + gr.ef + sh.ef + th.ef,flow,AG,Predation,NA,NA
AG.Decomposers_AG.Omnivores,gr.ef,0.074,0.23852612193021838,0.027563299815205725,5.06156585146457,-0.469672755173637,-1.563104470174767e-4,-0.062120945704594054,0.10000000000000009,(AG.Decomposers_AG.Omnivores ^ lambda -1)/lambda ~ block + gr.ef + log2(sowndiv) + leg.ef + sh.ef + th.ef,flow,AG,Predation,NA,NA
AG.Decomposers_AG.Omnivores,sh.ef,0.001,0.2385261219302183,0.6855253214208124,0.16532304342695595,-0.04844635716576457,-1.4961120871754196e-5,-0.005955188857678554,0.10000000000000009,(AG.Decomposers_AG.Omnivores ^ lambda -1)/lambda ~ block + sh.ef + log2(sowndiv) + leg.ef + gr.ef + th.ef,flow,AG,Predation,NA,NA
AG.Decomposers_AG.Omnivores,th.ef,0.024,0.2385261219302183,0.422774238762754,0.6500863733059163,-0.2559183590135434,-8.20002684109352e-5,-0.03251680198383118,0.10000000000000009,(AG.Decomposers_AG.Omnivores ^ lambda -1)/lambda ~ block + th.ef + log2(sowndiv) + leg.ef + gr.ef + sh.ef,flow,AG,Predation,NA,NA
AG.Litter_AG.Omnivores,sowndiv,0.047,0.09413901750023332,0.03568686363578507,4.584983084822301,0.06676438150660985,7.568562163582644e-4,0.18530966103552723,0.30000000000000027,(AG.Litter_AG.Omnivores ^ lambda -1)/lambda ~ block + log2(sowndiv) + leg.ef + gr.ef + sh.ef + th.ef,flow,AG,Decomposition,NA,NA
AG.Litter_AG.Omnivores,numfg,0.001,0.08500614992807606,0.24574310443104025,1.3689721087818554,-0.013320347978357646,-0.0015072130037557228,-0.033123158298721964,0.30000000000000027,(AG.Litter_AG.Omnivores ^ lambda -1)/lambda ~ block + numfg + log2(sowndiv),flow,AG,Decomposition,NA,NA
AG.Litter_AG.Omnivores,leg.ef,0.003,0.09413901750023336,0.212047473273981,1.5858283892956573,0.04573395319823996,0.005213425067768215,0.04958017798786144,0.30000000000000027,(AG.Litter_AG.Omnivores ^ lambda -1)/lambda ~ block + leg.ef + log2(sowndiv) + gr.ef + sh.ef + th.ef,flow,AG,Decomposition,NA,NA
AG.Litter_AG.Omnivores,gr.ef,0.004,0.09413901750023332,0.8317188840134628,0.0454888663014656,-0.055744925684576375,-0.006398119701435556,-0.06084673884468327,0.30000000000000027,(AG.Litter_AG.Omnivores ^ lambda -1)/lambda ~ block + gr.ef + log2(sowndiv) + leg.ef + sh.ef + th.ef,flow,AG,Decomposition,NA,NA
AG.Litter_AG.Omnivores,sh.ef,0.001,0.0941390175002333,0.582163445573405,0.30554442833082357,-0.02901785751287473,-0.003321918551900886,-0.031641370014338005,0.30000000000000027,(AG.Litter_AG.Omnivores ^ lambda -1)/lambda ~ block + sh.ef + log2(sowndiv) + leg.ef + gr.ef + th.ef,flow,AG,Decomposition,NA,NA
AG.Litter_AG.Omnivores,th.ef,0,0.09413901750023337,0.5037048382952749,0.4517109446653007,-0.01832522206375947,-0.002098472543900484,-0.019912726822768918,0.30000000000000027,(AG.Litter_AG.Omnivores ^ lambda -1)/lambda ~ block + th.ef + log2(sowndiv) + leg.ef + gr.ef + sh.ef,flow,AG,Decomposition,NA,NA
AG.Litter_AG.Decomposers,sowndiv,0.033,0.4329418514068683,0.0023790349699225532,9.931885710512935,0.04967039567050593,8.955881385298701e-4,0.1387324085523176,0.30000000000000027,(AG.Litter_AG.Decomposers ^ lambda -1)/lambda ~ block + log2(sowndiv) + leg.ef + gr.ef + sh.ef + th.ef,flow,AG,Decomposition,NA,NA
AG.Litter_AG.Decomposers,numfg,0.03,0.38774312257089644,0.0024935498277426035,9.803901969119792,0.0671652325426212,0.012601734211054497,0.17521542525104875,0.30000000000000027,(AG.Litter_AG.Decomposers ^ lambda -1)/lambda ~ block + numfg + log2(sowndiv),flow,AG,Decomposition,NA,NA
AG.Litter_AG.Decomposers,leg.ef,0.032,0.4329418514068683,0.003577297874468508,9.081800998816128,0.13211601650955432,0.023849052435357954,0.14349639412167683,0.30000000000000027,(AG.Litter_AG.Decomposers ^ lambda -1)/lambda ~ block + leg.ef + log2(sowndiv) + gr.ef + sh.ef + th.ef,flow,AG,Decomposition,NA,NA
AG.Litter_AG.Decomposers,gr.ef,0.017,0.4329418514068683,0.8725144816106759,0.02593583827931362,-0.10294413144579963,-0.018816203237558837,-0.11321444837142809,0.30000000000000027,(AG.Litter_AG.Decomposers ^ lambda -1)/lambda ~ block + gr.ef + log2(sowndiv) + leg.ef + sh.ef + th.ef,flow,AG,Decomposition,NA,NA
AG.Litter_AG.Decomposers,sh.ef,0.04,0.4329418514068683,0.00863766468953177,7.2955635881121905,0.15389754576810016,0.027834562203873495,0.1677396019487166,0.30000000000000027,(AG.Litter_AG.Decomposers ^ lambda -1)/lambda ~ block + sh.ef + log2(sowndiv) + leg.ef + gr.ef + th.ef,flow,AG,Decomposition,NA,NA
AG.Litter_AG.Decomposers,th.ef,0.009,0.4329418514068684,0.11924009449164918,2.4869419159792168,0.072445367605320235,0.013094869165116485,0.0786164668310092,0.30000000000000027,(AG.Litter_AG.Decomposers ^ lambda -1)/lambda ~ block + th.ef + log2(sowndiv) + leg.ef + gr.ef + sh.ef,flow,AG,Decomposition,NA,NA
BG.Herbivores_BG.Carnivores,sowndiv,0.035,0.1104967222954112,0.6394264590613168,0.2213882194018292,0.26939243174847316,0.0020959465498138915,0.06542342515981114,0.10000000000000009,(BG.Herbivores_BG.Carnivores ^ lambda -1)/lambda ~ block + log2(sowndiv) + leg.ef + gr.ef + sh.ef + th.ef,flow,BG,Predation,NA,NA
BG.Herbivores_BG.Carnivores,numfg,0.055,0.08999877117396854,0.1874219292633627,1.7703705681981108,-0.3323979398162134,-0.03643823904239803,-0.10208992459942652,0.20000000000000018,(BG.Herbivores_BG.Carnivores ^ lambda -1)/lambda ~ block + numfg + log2(sowndiv),flow,BG,Predation,NA,NA
BG.Herbivores_BG.Carnivores,leg.ef,0.003,0.11049672229541113,0.49288217060208694,0.47513218722278655,0.21653425687292874,0.015519973794157232,0.018816737398125283,0.10000000000000009,(BG.Herbivores_BG.Carnivores ^ lambda -1)/lambda ~ block + leg.ef + log2(sowndiv) + gr.ef + sh.ef + th.ef,flow,BG,Predation,NA,NA
BG.Herbivores_BG.Carnivores,gr.ef,0.025,0.11049672229541127,0.15333659885323134,2.0830857973394012,-0.6510228636575681,-0.04950405844542408,-0.06001974489542453,0.10000000000000009,(BG.Herbivores_BG.Carnivores ^ lambda -1)/lambda ~ block + gr.ef + log2(sowndiv) + leg.ef + sh.ef + th.ef,flow,BG,Predation,NA,NA
BG.Herbivores_BG.Carnivores,sh.ef,0.024,0.11049672229541123,0.3706403261338449,0.8117810561233763,-0.621150614724553,-0.04663956356023556,-0.056635556454109365,0.10000000000000009,(BG.Herbivores_BG.Carnivores ^ lambda -1)/lambda ~ block + sh.ef + log2(sowndiv) + leg.ef + gr.ef + th.ef,flow,BG,Predation,NA,NA
BG.Herbivores_BG.Carnivores,th.ef,0.028,0.11049672229541119,0.32245333725401826,0.9927562987220492,-0.6880528800745086,-0.053085902418292176,-0.06422070127606305,0.10000000000000009,(BG.Herbivores_BG.Carnivores ^ lambda -1)/lambda ~ block + th.ef + log2(sowndiv) + leg.ef + gr.ef + sh.ef,flow,BG,Predation,NA,NA
BG.Decomposers_BG.Carnivores,sowndiv,0.009,0.17063431390549227,0.8080014069426744,0.05949369576709124,-0.11188424620258151,-0.021549594669452183,-0.049829436299720455,0.20000000000000018,(BG.Decomposers_BG.Carnivores ^ lambda -1)/lambda ~ block + log2(sowndiv) + leg.ef + gr.ef + sh.ef + th.ef,flow,BG,Predation,NA,NA
BG.Decomposers_BG.Carnivores,numfg,0.036,0.11557461650405822,0.1559518435054098,2.0546702411949576,0.31847177798131376,0.6507369190935768,0.13505937745663496,0.20000000000000018,(BG.Decomposers_BG.Carnivores ^ lambda -1)/lambda ~ block + numfg + log2(sowndiv),flow,BG,Predation,NA,NA
BG.Decomposers_BG.Carnivores,leg.ef,0.075,0.17063431390549225,0.0397852751165931,4.3869325650919855,0.9024508669735956,1.682721381330886,0.15113301550678887,0.20000000000000018,(BG.Decomposers_BG.Carnivores ^ lambda -1)/lambda ~ block + leg.ef + log2(sowndiv) + gr.ef + sh.ef + th.ef,flow,BG,Predation,NA,NA
BG.Decomposers_BG.Carnivores,gr.ef,0.029,0.17063431390549227,0.3453865342754915,0.902305594572262,0.57516232812177,1.073878432512472,0.09645000508934497,0.20000000000000018,(BG.Decomposers_BG.Carnivores ^ lambda -1)/lambda ~ block + gr.ef + log2(sowndiv) + leg.ef + sh.ef + th.ef,flow,BG,Predation,NA,NA
BG.Decomposers_BG.Carnivores,sh.ef,0.001,0.17063431390549227,0.3890689619615476,0.7510321091153707,0.07468796384036004,0.14066957359695786,0.012654024161978996,0.20000000000000018,(BG.Decomposers_BG.Carnivores ^ lambda -1)/lambda ~ block + sh.ef + log2(sowndiv) + leg.ef + gr.ef + th.ef,flow,BG,Predation,NA,NA
BG.Decomposers_BG.Carnivores,th.ef,0.01,0.17063431390549227,0.5921223257491043,0.2896590943744817,-0.3392667600306347,-0.6482682065220118,-0.05809574913069361,0.20000000000000018,(BG.Decomposers_BG.Carnivores ^ lambda -1)/lambda ~ block + th.ef + log2(sowndiv) + leg.ef + gr.ef + sh.ef,flow,BG,Predation,NA,NA
Plants_BG.Herbivores,sowndiv,0.024,0.07232113970533328,0.7091439813162246,0.1402548974777687,0.19524664584060358,0.004059612539378939,0.04996917605310345,0,log(Plants_BG.Herbivores) ~ block + log2(sowndiv) + leg.ef + gr.ef + sh.ef + th.ef,flow,BG,Herbivory,NA,NA
Plants_BG.Herbivores,numfg,0.033,0.06131917209878959,0.3294943490410972,0.9635427150434072,-0.31918487826523256,-0.06008903191723632,-0.06638733556017672,0,log(Plants_BG.Herbivores) ~ block + numfg + log2(sowndiv),flow,BG,Herbivory,NA,NA
Plants_BG.Herbivores,leg.ef,0.005,0.07232113970533328,0.7700024299887178,0.08613745356555534,-0.2440025892818342,-0.05026788093520121,-0.024033025493820876,0,log(Plants_BG.Herbivores) ~ block + leg.ef + log2(sowndiv) + gr.ef + sh.ef + th.ef,flow,BG,Herbivory,NA,NA
Plants_BG.Herbivores,gr.ef,0.02,0.07232113970533333,0.32676129164720036,0.9751143998431694,-0.5224055347925591,-0.10972065965119837,-0.052457341776456945,0,log(Plants_BG.Herbivores) ~ block + gr.ef + log2(sowndiv) + leg.ef + sh.ef + th.ef,flow,BG,Herbivory,NA,NA
Plants_BG.Herbivores,sh.ef,0.001,0.07232113970533333,0.9806550281446735,5.921085226799069e-4,-0.0853743399905,-0.017427362449240008,-0.008345087346422133,0,log(Plants_BG.Herbivores) ~ block + sh.ef + log2(sowndiv) + leg.ef + gr.ef + th.ef,flow,BG,Herbivory,NA,NA
Plants_BG.Herbivores,th.ef,0.016,0.07232113970533328,0.32560168860485705,0.979832392332602,-0.4587364121032617,-0.09642094691667977,-0.04599723864505138,0,log(Plants_BG.Herbivores) ~ block + th.ef + log2(sowndiv) + leg.ef + gr.ef + sh.ef,flow,BG,Herbivory,NA,NA
SOM_BG.Decomposers,sowndiv,0.014,0.09593525097647064,0.4882555507436124,0.4854128397328955,0.11467193754001422,0.17803849006530306,0.07543120451213822,0.10000000000000009,(SOM_BG.Decomposers ^ lambda -1)/lambda ~ block + log2(sowndiv) + leg.ef + gr.ef + sh.ef + th.ef,flow,BG,Decomposition,NA,NA
SOM_BG.Decomposers,numfg,0.007,0.06505555468311021,0.910181370872693,0.01281342792757145,-0.11461920306997804,-1.7425186053701864,-0.06626542574606725,0.10000000000000009,(SOM_BG.Decomposers ^ lambda -1)/lambda ~ block + numfg + log2(sowndiv),flow,BG,Decomposition,NA,NA
SOM_BG.Decomposers,leg.ef,0.001,0.0959352509764707,0.8260151804778777,0.04867678686697625,-0.07223910895366498,-1.1293783267458082,-0.01858561154777685,0.10000000000000009,(SOM_BG.Decomposers ^ lambda -1)/lambda ~ block + leg.ef + log2(sowndiv) + gr.ef + sh.ef + th.ef,flow,BG,Decomposition,NA,NA
SOM_BG.Decomposers,gr.ef,0.004,0.09593525097647068,0.4809077561171331,0.5020797672307927,0.18093417248569965,2.8122088549723436,0.04627910783478146,0.10000000000000009,(SOM_BG.Decomposers ^ lambda -1)/lambda ~ block + gr.ef + log2(sowndiv) + leg.ef + sh.ef + th.ef,flow,BG,Decomposition,NA,NA
SOM_BG.Decomposers,sh.ef,0.001,0.09593525097647065,0.6593951410165793,0.19590142039563205,-0.07056473368881108,-1.1025060621052774,-0.018171875239034064,0.10000000000000009,(SOM_BG.Decomposers ^ lambda -1)/lambda ~ block + sh.ef + log2(sowndiv) + leg.ef + gr.ef + th.ef,flow,BG,Decomposition,NA,NA
SOM_BG.Decomposers,th.ef,0.034,0.09593525097647072,0.23171511003500392,1.4551028853615477,-0.5233141758907475,-8.345823294407605,-0.1370405492716571,0.10000000000000009,(SOM_BG.Decomposers ^ lambda -1)/lambda ~ block + th.ef + log2(sowndiv) + leg.ef + gr.ef + sh.ef,flow,BG,Decomposition,NA,NA
Plants_BG.Omnivores,sowndiv,0.017,0.11061573847045506,0.8527704448358759,0.03469354324898312,-0.18007713386864274,-0.0013670675594701016,-0.005505656638531567,0.10000000000000009,(Plants_BG.Omnivores ^ lambda -1)/lambda ~ block + log2(sowndiv) + leg.ef + gr.ef + sh.ef + th.ef,flow,BG,Herbivory,NA,NA
Plants_BG.Omnivores,numfg,0.051,0.10023544231181483,0.09997357574789642,2.7750196900160966,0.4431604871498817,0.039978266353508984,0.014451586640458454,0.10000000000000009,(Plants_BG.Omnivores ^ lambda -1)/lambda ~ block + numfg + log2(sowndiv),flow,BG,Herbivory,NA,NA
Plants_BG.Omnivores,leg.ef,0.032,0.11061573847045508,0.19844490558008798,1.6851332082360018,0.6794146249179412,0.04638831965052987,0.0072565142570245236,0.10000000000000009,(Plants_BG.Omnivores ^ lambda -1)/lambda ~ block + leg.ef + log2(sowndiv) + gr.ef + sh.ef + th.ef,flow,BG,Herbivory,NA,NA
Plants_BG.Omnivores,gr.ef,0.032,0.11061573847045514,0.19970342011497852,1.6756075566608777,0.7200005456353054,0.04921932698530597,0.007699368088361979,0.10000000000000009,(Plants_BG.Omnivores ^ lambda -1)/lambda ~ block + gr.ef + log2(sowndiv) + leg.ef + sh.ef + th.ef,flow,BG,Herbivory,NA,NA
Plants_BG.Omnivores,sh.ef,0.002,0.11061573847045511,0.5279708167137629,0.4022440772535349,0.15762008885213752,0.010787959398047359,0.0016902076720624307,0.10000000000000009,(Plants_BG.Omnivores ^ lambda -1)/lambda ~ block + sh.ef + log2(sowndiv) + leg.ef + gr.ef + th.ef,flow,BG,Herbivory,NA,NA
Plants_BG.Omnivores,th.ef,0.003,0.11061573847045511,0.5299472713372382,0.3983927373845097,0.20895819815163486,0.01420381694712227,0.0022170065551080378,0.10000000000000009,(Plants_BG.Omnivores ^ lambda -1)/lambda ~ block + th.ef + log2(sowndiv) + leg.ef + gr.ef + sh.ef,flow,BG,Herbivory,NA,NA
BG.Herbivores_BG.Omnivores,sowndiv,0.001,0.036658422964792506,0.3028734516377677,1.0770794126064434,0.05668972703178051,3.278385771423718e-5,0.006565497547046922,0,log(BG.Herbivores_BG.Omnivores) ~ block + log2(sowndiv) + leg.ef + gr.ef + sh.ef + th.ef,flow,BG,Predation,NA,NA
BG.Herbivores_BG.Omnivores,numfg,0.01,0.02935187194826771,0.18769012121168663,1.7681943326230556,0.2415119092130891,0.0015579921051026753,0.028005624934893125,0,log(BG.Herbivores_BG.Omnivores) ~ block + numfg + log2(sowndiv),flow,BG,Predation,NA,NA
BG.Herbivores_BG.Omnivores,leg.ef,0.001,0.03665842296479247,0.5521005385395933,0.356959444268064,0.1442775748951532,8.342146089021498e-4,0.006489117596733563,0,log(BG.Herbivores_BG.Omnivores) ~ block + leg.ef + log2(sowndiv) + gr.ef + sh.ef + th.ef,flow,BG,Predation,NA,NA
BG.Herbivores_BG.Omnivores,gr.ef,0.003,0.0366584229647925,0.37856144664849567,0.7851521604834163,0.25811621898810005,0.0014889104919298263,0.011581810208116773,0,log(BG.Herbivores_BG.Omnivores) ~ block + gr.ef + log2(sowndiv) + leg.ef + sh.ef + th.ef,flow,BG,Predation,NA,NA
BG.Herbivores_BG.Omnivores,sh.ef,0.011,0.036658422964792485,0.18703268463554085,1.7749376646852357,0.5252954000633208,0.0030460295601761568,0.02373139788658782,0,log(BG.Herbivores_BG.Omnivores) ~ block + sh.ef + log2(sowndiv) + leg.ef + gr.ef + th.ef,flow,BG,Predation,NA,NA
BG.Herbivores_BG.Omnivores,th.ef,0,0.036658422964792464,0.8012892966428037,0.06381851208098331,0.011186048100946807,6.493638378184726e-5,5.040091861870392e-4,0,log(BG.Herbivores_BG.Omnivores) ~ block + th.ef + log2(sowndiv) + leg.ef + gr.ef + sh.ef,flow,BG,Predation,NA,NA
BG.Decomposers_BG.Omnivores,sowndiv,0.002,0.08169829226758302,0.3458180747628511,0.9006823411552533,0.05259795987152544,8.977922806707458e-4,0.005306412221423076,0.10000000000000009,(BG.Decomposers_BG.Omnivores ^ lambda -1)/lambda ~ block + log2(sowndiv) + leg.ef + gr.ef + sh.ef + th.ef,flow,BG,Predation,NA,NA
BG.Decomposers_BG.Omnivores,numfg,0.003,0.018712739023659542,0.33670669123240127,0.9350389577259232,0.10690728149565268,0.019439157051836006,0.010312761508954398,0.10000000000000009,(BG.Decomposers_BG.Omnivores ^ lambda -1)/lambda ~ block + numfg + log2(sowndiv),flow,BG,Predation,NA,NA
BG.Decomposers_BG.Omnivores,leg.ef,0.019,0.08169829226758309,0.2966019267362908,1.1056189725651553,-0.5024990739484655,-0.08897181219018585,-0.02042574098151577,0.10000000000000009,(BG.Decomposers_BG.Omnivores ^ lambda -1)/lambda ~ block + leg.ef + log2(sowndiv) + gr.ef + sh.ef + th.ef,flow,BG,Predation,NA,NA
BG.Decomposers_BG.Omnivores,gr.ef,0.029,0.08169829226758309,0.04096845492121344,4.333812232871874,0.6662912491511913,0.11341288053240867,0.02603680946467336,0.10000000000000009,(BG.Decomposers_BG.Omnivores ^ lambda -1)/lambda ~ block + gr.ef + log2(sowndiv) + leg.ef + sh.ef + th.ef,flow,BG,Predation,NA,NA
BG.Decomposers_BG.Omnivores,sh.ef,0.006,0.08169829226758302,0.28547221313895077,1.1582499880066277,0.29945024040356083,0.051148579961471236,0.011760893532742228,0.10000000000000009,(BG.Decomposers_BG.Omnivores ^ lambda -1)/lambda ~ block + sh.ef + log2(sowndiv) + leg.ef + gr.ef + th.ef,flow,BG,Predation,NA,NA
BG.Decomposers_BG.Omnivores,th.ef,0,0.08169829226758304,0.8190560838509825,0.05272012455736018,-0.0038598899512187384,-6.622275808213229e-4,-1.5169635558004218e-4,0.10000000000000009,(BG.Decomposers_BG.Omnivores ^ lambda -1)/lambda ~ block + th.ef + log2(sowndiv) + leg.ef + gr.ef + sh.ef,flow,BG,Predation,NA,NA
SOM_BG.Omnivores,sowndiv,0.001,0.22701238468404797,0.07840529374932764,3.1890051107855966,-0.03995615122703993,-0.0011337176634331702,-0.0034494419518703396,0,log(SOM_BG.Omnivores) ~ block + log2(sowndiv) + leg.ef + gr.ef + sh.ef + th.ef,flow,BG,Decomposition,NA,NA
SOM_BG.Omnivores,numfg,0.086,0.1962290567467053,0.002227695599172189,10.039591666126269,0.5082164836065803,0.18677382204960616,0.05100730316559075,0,log(SOM_BG.Omnivores) ~ block + numfg + log2(sowndiv),flow,BG,Decomposition,NA,NA
SOM_BG.Omnivores,leg.ef,0.028,0.22701238468404797,0.08370889179241003,3.077263075880287,0.548216482548787,0.15266267317893123,0.018041683380560763,0,log(SOM_BG.Omnivores) ~ block + leg.ef + log2(sowndiv) + gr.ef + sh.ef + th.ef,flow,BG,Decomposition,NA,NA
SOM_BG.Omnivores,gr.ef,0.052,0.22701238468404802,0.014388050512333697,6.295561893715175,0.7978218953135032,0.22317957339613723,0.026375374650372797,0,log(SOM_BG.Omnivores) ~ block + gr.ef + log2(sowndiv) + leg.ef + sh.ef + th.ef,flow,BG,Decomposition,NA,NA
SOM_BG.Omnivores,sh.ef,0.039,0.22701238468404797,0.008501039535376722,7.327225891183787,0.6689237688101094,0.1881330396221308,0.022268482370401594,0,log(SOM_BG.Omnivores) ~ block + sh.ef + log2(sowndiv) + leg.ef + gr.ef + th.ef,flow,BG,Decomposition,NA,NA
SOM_BG.Omnivores,th.ef,0,0.2270123846840479,0.6481785726061045,0.20998511676992337,-0.02467513995019864,-0.006935704588478808,-8.178568208887229e-4,0,log(SOM_BG.Omnivores) ~ block + th.ef + log2(sowndiv) + leg.ef + gr.ef + sh.ef,flow,BG,Decomposition,NA,NA
Soil.Microorganisms_BG.Omnivores,sowndiv,0.003,0.18348632089439298,0.1469711504640637,2.1501507221128007,0.01920993474521216,1.7834302203055657e-4,0.041170284513787424,0.30000000000000027,(Soil.Microorganisms_BG.Omnivores ^ lambda -1)/lambda ~ block + log2(sowndiv) + leg.ef + gr.ef + sh.ef + th.ef,flow,BG,Predation,NA,NA
Soil.Microorganisms_BG.Omnivores,numfg,0.013,0.15200843987891907,0.09357476086279004,2.8856172452605318,0.059940903224183995,0.0058603589605358275,0.12142955221424157,0.30000000000000027,(Soil.Microorganisms_BG.Omnivores ^ lambda -1)/lambda ~ block + numfg + log2(sowndiv),flow,BG,Predation,NA,NA
Soil.Microorganisms_BG.Omnivores,leg.ef,0.004,0.18348632089439304,0.8419210355660255,0.04006743136372814,-0.06065447722228127,-0.005682584043080599,-0.05095348351350698,0.30000000000000027,(Soil.Microorganisms_BG.Omnivores ^ lambda -1)/lambda ~ block + leg.ef + log2(sowndiv) + gr.ef + sh.ef + th.ef,flow,BG,Predation,NA,NA
Soil.Microorganisms_BG.Omnivores,gr.ef,0.027,0.18348632089439312,0.03513579074566913,4.61345966891808,0.1779230922530907,0.01642399072259029,0.14726742871994974,0.30000000000000027,(Soil.Microorganisms_BG.Omnivores ^ lambda -1)/lambda ~ block + gr.ef + log2(sowndiv) + leg.ef + sh.ef + th.ef,flow,BG,Predation,NA,NA
Soil.Microorganisms_BG.Omnivores,sh.ef,0.009,0.18348632089439307,0.15561035111463106,2.0599051753902127,0.10219967154599525,0.009491557439340118,0.08524066850606969,0.30000000000000027,(Soil.Microorganisms_BG.Omnivores ^ lambda -1)/lambda ~ block + sh.ef + log2(sowndiv) + leg.ef + gr.ef + th.ef,flow,BG,Predation,NA,NA
Soil.Microorganisms_BG.Omnivores,th.ef,0.001,0.18348632089439315,0.5312803113863489,0.39580980828886764,0.025634402724095857,0.002384528321291622,0.021334034685953445,0.30000000000000027,(Soil.Microorganisms_BG.Omnivores ^ lambda -1)/lambda ~ block + th.ef + log2(sowndiv) + leg.ef + gr.ef + sh.ef,flow,BG,Predation,NA,NA
Plants_SOM,sowndiv,0.031,0.19340707666103515,0.039556251626141854,4.397410665731412,0.28600457994823064,0.110350236822137,0.14788333216424798,0.30000000000000027,(Plants_SOM ^ lambda -1)/lambda ~ block + log2(sowndiv) + leg.ef + gr.ef + sh.ef + th.ef,flow,BG,Detritus_production,NA,NA
Plants_SOM,numfg,0,0.09574357067714934,0.1767056656470557,1.8604646693356024,0.028156128196597695,0.11011331728388878,0.01324519123243869,0.30000000000000027,(Plants_SOM ^ lambda -1)/lambda ~ block + numfg + log2(sowndiv),flow,BG,Detritus_production,NA,NA
Plants_SOM,leg.ef,0.003,0.1934070766610352,0.8272282315643904,0.047989311676224104,-0.23103488507775932,-0.9022715662728169,-0.046965991583512286,0.30000000000000027,(Plants_SOM ^ lambda -1)/lambda ~ block + leg.ef + log2(sowndiv) + gr.ef + sh.ef + th.ef,flow,BG,Detritus_production,NA,NA
Plants_SOM,gr.ef,0.053,0.19340707666103518,0.007418495036823547,7.598721782698927,1.0997724493236214,4.229751226266371,0.22017147377678822,0.30000000000000027,(Plants_SOM ^ lambda -1)/lambda ~ block + gr.ef + log2(sowndiv) + leg.ef + sh.ef + th.ef,flow,BG,Detritus_production,NA,NA
Plants_SOM,sh.ef,0.002,0.1934070766610352,0.08888398624723341,2.975515372456087,0.1877801132520424,0.7294798401690405,0.03803127386675798,0.30000000000000027,(Plants_SOM ^ lambda -1)/lambda ~ block + sh.ef + log2(sowndiv) + leg.ef + gr.ef + th.ef,flow,BG,Detritus_production,NA,NA
Plants_SOM,th.ef,0.044,0.1934070766610353,0.3554180088044029,0.8652776901443843,-0.9821970916526918,-3.909374360806429,-0.2030467224949983,0.30000000000000027,(Plants_SOM ^ lambda -1)/lambda ~ block + th.ef + log2(sowndiv) + leg.ef + gr.ef + sh.ef,flow,BG,Detritus_production,NA,NA
BG.Carnivores_SOM,sowndiv,0.002,0.2658483317071939,0.2908087228190722,1.1326889224769654,0.02745648291027312,0.0034305135739557007,0.02510580471731571,0.10000000000000009,(BG.Carnivores_SOM ^ lambda -1)/lambda ~ block + log2(sowndiv) + leg.ef + gr.ef + sh.ef + th.ef,flow,BG,Detritus_production,NA,NA
BG.Carnivores_SOM,numfg,0.01,0.11494639455047913,0.19852528461015617,1.6832350033429542,0.1022489989594365,0.13117594328052173,0.08616713011140813,0.10000000000000009,(BG.Carnivores_SOM ^ lambda -1)/lambda ~ block + numfg + log2(sowndiv),flow,BG,Detritus_production,NA,NA
BG.Carnivores_SOM,leg.ef,0.154,0.26584833170719385,0.0014602624400838172,10.967677906218007,0.7794347833940558,0.9680911847733215,0.275189295350503,0.10000000000000009,(BG.Carnivores_SOM ^ lambda -1)/lambda ~ block + leg.ef + log2(sowndiv) + gr.ef + sh.ef + th.ef,flow,BG,Detritus_production,NA,NA
BG.Carnivores_SOM,gr.ef,0.029,0.2658483317071938,0.4411947634085587,0.5998819174115971,0.3331813154043494,0.41405454983681533,0.11769901595885596,0.10000000000000009,(BG.Carnivores_SOM ^ lambda -1)/lambda ~ block + gr.ef + log2(sowndiv) + leg.ef + sh.ef + th.ef,flow,BG,Detritus_production,NA,NA
BG.Carnivores_SOM,sh.ef,0.031,0.2658483317071939,0.882661821000593,0.021941835142585464,-0.33713309386168533,-0.42675921088702706,-0.12150090917642022,0.10000000000000009,(BG.Carnivores_SOM ^ lambda -1)/lambda ~ block + sh.ef + log2(sowndiv) + leg.ef + gr.ef + th.ef,flow,BG,Detritus_production,NA,NA
BG.Carnivores_SOM,th.ef,0.044,0.265848331707194,0.4805973749767305,0.502793120490819,-0.4116220482786829,-0.5274601974558364,-0.14960546641338549,0.10000000000000009,(BG.Carnivores_SOM ^ lambda -1)/lambda ~ block + th.ef + log2(sowndiv) + leg.ef + gr.ef + sh.ef,flow,BG,Detritus_production,NA,NA
BG.Herbivores_SOM,sowndiv,0.004,0.0711498898657601,0.5829575067012406,0.30425751501271153,0.14739990836532896,1.559410818313542e-4,0.002807128469342535,-0.19999999999999996,(BG.Herbivores_SOM ^ lambda -1)/lambda ~ block + log2(sowndiv) + leg.ef + gr.ef + sh.ef + th.ef,flow,BG,Detritus_production,NA,NA
BG.Herbivores_SOM,numfg,0.001,0.027247222433373804,0.862073072444622,0.030395005542135867,-0.08477089659255149,-8.8752602730261e-4,-0.0014340202107760566,-0.19999999999999996,(BG.Herbivores_SOM ^ lambda -1)/lambda ~ block + numfg + log2(sowndiv),flow,BG,Detritus_production,NA,NA
BG.Herbivores_SOM,leg.ef,0.018,0.07114988986576014,0.40372953827793734,0.7055958005335982,-0.8399335837844571,-0.009163880648612163,-0.0064073940934019046,-0.19999999999999996,(BG.Herbivores_SOM ^ lambda -1)/lambda ~ block + leg.ef + log2(sowndiv) + gr.ef + sh.ef + th.ef,flow,BG,Detritus_production,NA,NA
BG.Herbivores_SOM,gr.ef,0,0.07114988986576008,0.5959090931067725,0.2837623695026227,-0.022892202422497114,-2.4282298794364374e-4,-1.6978206486440158e-4,-0.19999999999999996,(BG.Herbivores_SOM ^ lambda -1)/lambda ~ block + gr.ef + log2(sowndiv) + leg.ef + sh.ef + th.ef,flow,BG,Detritus_production,NA,NA
BG.Herbivores_SOM,sh.ef,0.02,0.0711498898657601,0.1720424773224151,1.903269235760392,0.9117995977486931,0.009666205590560906,0.006769231923307521,-0.19999999999999996,(BG.Herbivores_SOM ^ lambda -1)/lambda ~ block + sh.ef + log2(sowndiv) + leg.ef + gr.ef + th.ef,flow,BG,Detritus_production,NA,NA
BG.Herbivores_SOM,th.ef,0.004,0.07114988986576015,0.5093260278120607,0.43988425087486305,-0.4250187894495476,-0.004573034703080223,-0.0031904284412247667,-0.19999999999999996,(BG.Herbivores_SOM ^ lambda -1)/lambda ~ block + th.ef + log2(sowndiv) + leg.ef + gr.ef + sh.ef,flow,BG,Detritus_production,NA,NA
BG.Decomposers_SOM,sowndiv,0.009,0.10166119908925572,0.9414942432088692,0.005424646457505025,0.11364330646674475,0.0665395149454065,0.04233213273597528,0.10000000000000009,(BG.Decomposers_SOM ^ lambda -1)/lambda ~ block + log2(sowndiv) + leg.ef + gr.ef + sh.ef + th.ef,flow,BG,Detritus_production,NA,NA
BG.Decomposers_SOM,numfg,0.021,0.09053715744950498,0.3568143080932673,0.8597814786138493,-0.23869300315008415,-1.3367363389274753,-0.07633236202280187,0.10000000000000009,(BG.Decomposers_SOM ^ lambda -1)/lambda ~ block + numfg + log2(sowndiv),flow,BG,Detritus_production,NA,NA
BG.Decomposers_SOM,leg.ef,0.016,0.10166119908925575,0.26601931413367086,1.2568842673150804,-0.4109495063411792,-2.453853005476505,-0.060637226429546505,0.10000000000000009,(BG.Decomposers_SOM ^ lambda -1)/lambda ~ block + leg.ef + log2(sowndiv) + gr.ef + sh.ef + th.ef,flow,BG,Detritus_production,NA,NA
BG.Decomposers_SOM,gr.ef,0,0.10166119908925571,0.9227980794291937,0.009458494080361153,-0.01706837657969036,-0.10047034385266862,-0.0024827253205681045,0.10000000000000009,(BG.Decomposers_SOM ^ lambda -1)/lambda ~ block + gr.ef + log2(sowndiv) + leg.ef + sh.ef + th.ef,flow,BG,Detritus_production,NA,NA
BG.Decomposers_SOM,sh.ef,0.002,0.10166119908925572,0.797274534237111,0.06648263510927403,-0.1542618879240804,-0.9106322441999648,-0.02253798899921203,0.10000000000000009,(BG.Decomposers_SOM ^ lambda -1)/lambda ~ block + sh.ef + log2(sowndiv) + leg.ef + gr.ef + th.ef,flow,BG,Detritus_production,NA,NA
BG.Decomposers_SOM,th.ef,0.012,0.10166119908925572,0.39267570390846873,0.7396250742927262,-0.37087014129146806,-2.218255122844927,-0.05469464109525112,0.10000000000000009,(BG.Decomposers_SOM ^ lambda -1)/lambda ~ block + th.ef + log2(sowndiv) + leg.ef + gr.ef + sh.ef,flow,BG,Detritus_production,NA,NA
BG.Omnivores_SOM,sowndiv,0.008,0.26383014658572185,0.03945839232572759,4.401907716634232,0.06547779667260457,0.0022408363957422133,0.00964840209752902,-0.19999999999999996,(BG.Omnivores_SOM ^ lambda -1)/lambda ~ block + log2(sowndiv) + leg.ef + gr.ef + sh.ef + th.ef,flow,BG,Detritus_production,NA,NA
BG.Omnivores_SOM,numfg,0.016,0.09743291163898946,0.04194348439428177,4.284864636981872,0.1396001886918719,0.05101789141368612,0.019716970115781746,-0.19999999999999996,(BG.Omnivores_SOM ^ lambda -1)/lambda ~ block + numfg + log2(sowndiv),flow,BG,Detritus_production,NA,NA
BG.Omnivores_SOM,leg.ef,0.001,0.26383014658572174,0.7347503933047208,0.11569973645082993,-0.057892370150326125,-0.019925540289494337,-0.0033323884254840776,-0.19999999999999996,(BG.Omnivores_SOM ^ lambda -1)/lambda ~ block + leg.ef + log2(sowndiv) + gr.ef + sh.ef + th.ef,flow,BG,Detritus_production,NA,NA
BG.Omnivores_SOM,gr.ef,0.154,0.2638301465857219,5.9183918523130045e-5,18.247865539741685,0.8900331653451177,0.307148023467291,0.05136806849108969,-0.19999999999999996,(BG.Omnivores_SOM ^ lambda -1)/lambda ~ block + gr.ef + log2(sowndiv) + leg.ef + sh.ef + th.ef,flow,BG,Detritus_production,NA,NA
BG.Omnivores_SOM,sh.ef,0.003,0.26383014658572185,0.04957747850247682,3.990946868562306,0.11077552468271692,0.037954892477707836,0.006357620936148141,-0.19999999999999996,(BG.Omnivores_SOM ^ lambda -1)/lambda ~ block + sh.ef + log2(sowndiv) + leg.ef + gr.ef + th.ef,flow,BG,Detritus_production,NA,NA
BG.Omnivores_SOM,th.ef,0.035,0.2638301465857218,0.5348975045495383,0.3888600418640067,-0.38918473337651593,-0.13730054740509834,-0.02291185639375072,-0.19999999999999996,(BG.Omnivores_SOM ^ lambda -1)/lambda ~ block + th.ef + log2(sowndiv) + leg.ef + gr.ef + sh.ef,flow,BG,Detritus_production,NA,NA
AG.Litter_SOM,sowndiv,0.003,0.10820122792231045,0.7909970028064452,0.07076510425777865,0.06451692690365847,0.01501856397321761,0.04682191867988055,0.40000000000000036,(AG.Litter_SOM ^ lambda -1)/lambda ~ block + log2(sowndiv) + leg.ef + gr.ef + sh.ef + th.ef,flow,BG,Detritus_production,NA,NA
AG.Litter_SOM,numfg,0.009,0.04201013670463772,0.4292855568641656,0.6316687622607299,-0.17299192643487302,-0.39349406994043673,-0.11011118024552002,0.40000000000000036,(AG.Litter_SOM ^ lambda -1)/lambda ~ block + numfg + log2(sowndiv),flow,BG,Detritus_production,NA,NA
AG.Litter_SOM,leg.ef,0.029,0.10820122792231036,0.16919420678879626,1.9291381236359895,0.6059612302414548,1.4041002012973465,0.1700274985353905,0.40000000000000036,(AG.Litter_SOM ^ lambda -1)/lambda ~ block + leg.ef + log2(sowndiv) + gr.ef + sh.ef + th.ef,flow,BG,Detritus_production,NA,NA
AG.Litter_SOM,gr.ef,0.014,0.10820122792231049,0.11874096970063203,2.493796079412427,-0.4480979724958572,-1.0521163932730113,-0.12740452451399087,0.40000000000000036,(AG.Litter_SOM ^ lambda -1)/lambda ~ block + gr.ef + log2(sowndiv) + leg.ef + sh.ef + th.ef,flow,BG,Detritus_production,NA,NA
AG.Litter_SOM,sh.ef,0.015,0.10820122792231042,0.38398263766020513,0.7673809289541679,-0.4494430727964184,-1.0532822106787707,-0.12774595778524409,0.40000000000000036,(AG.Litter_SOM ^ lambda -1)/lambda ~ block + sh.ef + log2(sowndiv) + leg.ef + gr.ef + th.ef,flow,BG,Detritus_production,NA,NA
AG.Litter_SOM,th.ef,0.016,0.10820122792231045,0.3840324806958396,0.767219209029701,-0.4582199123219736,-1.0781301289192537,-0.13026710013750542,0.40000000000000036,(AG.Litter_SOM ^ lambda -1)/lambda ~ block + th.ef + log2(sowndiv) + leg.ef + gr.ef + sh.ef,flow,BG,Detritus_production,NA,NA
Soil.Microorganisms_SOM,sowndiv,0.023,0.08177000287744488,0.13962036792513582,2.231880169838196,0.2967452940642745,1.5062226675285559e-4,0.038829306602874473,0,log(Soil.Microorganisms_SOM) ~ block + log2(sowndiv) + leg.ef + gr.ef + sh.ef + th.ef,flow,BG,Detritus_production,NA,NA
Soil.Microorganisms_SOM,numfg,0,0.05842284271294405,0.40631270874894576,0.6975019023010414,-0.048883523681459935,-2.2387663127961294e-4,-0.005180261073732098,0,log(Soil.Microorganisms_SOM) ~ block + numfg + log2(sowndiv),flow,BG,Detritus_production,NA,NA
Soil.Microorganisms_SOM,leg.ef,0.011,0.08177000287744478,0.20352935999354338,1.647084347306946,0.5389874762611772,0.0025234506655389907,0.02526769004903475,0,log(Soil.Microorganisms_SOM) ~ block + leg.ef + log2(sowndiv) + gr.ef + sh.ef + th.ef,flow,BG,Detritus_production,NA,NA
Soil.Microorganisms_SOM,gr.ef,0,0.0817700028774449,0.7602477264488763,0.09383982837173918,-0.019656753529885825,-9.285147176154272e-5,-9.297357151090747e-4,0,log(Soil.Microorganisms_SOM) ~ block + gr.ef + log2(sowndiv) + leg.ef + sh.ef + th.ef,flow,BG,Detritus_production,NA,NA
Soil.Microorganisms_SOM,sh.ef,0,0.08177000287744492,0.48092426492315243,0.5020418461692648,-0.1092891857528273,-5.175231414604221e-4,-0.0051901731954775675,0,log(Soil.Microorganisms_SOM) ~ block + sh.ef + log2(sowndiv) + leg.ef + gr.ef + th.ef,flow,BG,Detritus_production,NA,NA
Soil.Microorganisms_SOM,th.ef,0.015,0.08177000287744492,0.706716678175028,0.14272221356420342,-0.6817830468062848,-0.0033945312220575495,-0.03391509428388519,0,log(Soil.Microorganisms_SOM) ~ block + th.ef + log2(sowndiv) + leg.ef + gr.ef + sh.ef,flow,BG,Detritus_production,NA,NA
Plants_AG.Litter,sowndiv,0.002,0.104727734287013,0.77333686716641,0.08358674131104636,0.06428020182412658,0.014857145815150673,0.0463042275469612,0.40000000000000036,(Plants_AG.Litter ^ lambda -1)/lambda ~ block + log2(sowndiv) + leg.ef + gr.ef + sh.ef + th.ef,flow,AG,Detritus_production,NA,NA
Plants_AG.Litter,numfg,0.009,0.03957502415768476,0.413509275956788,0.6762898440280258,-0.1791058785405751,-0.404151719945583,-0.1130582132378789,0.40000000000000036,(Plants_AG.Litter ^ lambda -1)/lambda ~ block + numfg + log2(sowndiv),flow,AG,Detritus_production,NA,NA
Plants_AG.Litter,leg.ef,0.028,0.1047277342870129,0.1797730778210859,1.8355134531251331,0.6015464974036019,1.3839959956287071,0.1675407124019688,0.40000000000000036,(Plants_AG.Litter ^ lambda -1)/lambda ~ block + leg.ef + log2(sowndiv) + gr.ef + sh.ef + th.ef,flow,AG,Detritus_production,NA,NA
Plants_AG.Litter,gr.ef,0.015,0.10472773428701303,0.11496214130214699,2.546766025502846,-0.4622618821826633,-1.077915788866238,-0.13048793475297665,0.40000000000000036,(Plants_AG.Litter ^ lambda -1)/lambda ~ block + gr.ef + log2(sowndiv) + leg.ef + sh.ef + th.ef,flow,AG,Detritus_production,NA,NA
Plants_AG.Litter,sh.ef,0.015,0.104727734287013,0.38717999852019125,0.7570675873137802,-0.44772714683201315,-1.0418143492090959,-0.1263156649726154,0.40000000000000036,(Plants_AG.Litter ^ lambda -1)/lambda ~ block + sh.ef + log2(sowndiv) + leg.ef + gr.ef + th.ef,flow,AG,Detritus_production,NA,NA
Plants_AG.Litter,th.ef,0.016,0.10472773428701307,0.3735164412256655,0.8020196197907974,-0.466767280120705,-1.0906588085353137,-0.13173978011978144,0.40000000000000036,(Plants_AG.Litter ^ lambda -1)/lambda ~ block + th.ef + log2(sowndiv) + leg.ef + gr.ef + sh.ef,flow,AG,Detritus_production,NA,NA
AG.Herbivores_AG.Litter,sowndiv,0.139,0.32258159247005164,3.021924427129985e-4,14.443656639588692,0.0651663956643171,8.076831486610005e-4,0.34483572445780053,0.40000000000000036,(AG.Herbivores_AG.Litter ^ lambda -1)/lambda ~ block + log2(sowndiv) + leg.ef + gr.ef + sh.ef + th.ef,flow,AG,Detritus_production,NA,NA
AG.Herbivores_AG.Litter,numfg,0.003,0.20690815416530248,0.055976524690186144,3.770322483387556,-0.012237091085322683,-0.0015154377519073052,-0.058074002663507984,0.40000000000000036,(AG.Herbivores_AG.Litter ^ lambda -1)/lambda ~ block + numfg + log2(sowndiv),flow,AG,Detritus_production,NA,NA
AG.Herbivores_AG.Litter,leg.ef,0.017,0.3225815924700518,0.0029986700979790144,9.447726997418643,0.05889397884177662,0.007372310669735024,0.12225739118042225,0.40000000000000036,(AG.Herbivores_AG.Litter ^ lambda -1)/lambda ~ block + leg.ef + log2(sowndiv) + gr.ef + sh.ef + th.ef,flow,AG,Detritus_production,NA,NA
AG.Herbivores_AG.Litter,gr.ef,0.106,0.3225815924700516,0.1807605466799673,1.8271058117367123,-0.16108092698366752,-0.020600049779952615,-0.3416172292661072,0.40000000000000036,(AG.Herbivores_AG.Litter ^ lambda -1)/lambda ~ block + gr.ef + log2(sowndiv) + leg.ef + sh.ef + th.ef,flow,AG,Detritus_production,NA,NA
AG.Herbivores_AG.Litter,sh.ef,0.01,0.3225815924700517,0.04801326790403153,4.0482222547134175,0.044824336036081526,0.005625068573514972,0.09342877852317001,0.40000000000000036,(AG.Herbivores_AG.Litter ^ lambda -1)/lambda ~ block + sh.ef + log2(sowndiv) + leg.ef + gr.ef + th.ef,flow,AG,Detritus_production,NA,NA
AG.Herbivores_AG.Litter,th.ef,0,0.3225815924700518,0.3000105999432789,1.0900105783425094,-0.0024519814481044513,-3.085696179692468e-4,-0.00510583948744409,0.40000000000000036,(AG.Herbivores_AG.Litter ^ lambda -1)/lambda ~ block + th.ef + log2(sowndiv) + leg.ef + gr.ef + sh.ef,flow,AG,Detritus_production,NA,NA
AG.Carnivores_AG.Litter,sowndiv,0.128,0.22558260304403033,0.002196408359141673,10.10001261490744,0.024260029638360638,6.65235579858844e-5,0.361966138826178,0.40000000000000036,(AG.Carnivores_AG.Litter ^ lambda -1)/lambda ~ block + log2(sowndiv) + leg.ef + gr.ef + sh.ef + th.ef,flow,AG,Detritus_production,NA,NA
AG.Carnivores_AG.Litter,numfg,0.014,0.15624726592543778,0.23609242858471574,1.4268590770190588,-0.010685572990391926,-2.887247061901027e-4,-0.1410096557397609,0.40000000000000036,(AG.Carnivores_AG.Litter ^ lambda -1)/lambda ~ block + numfg + log2(sowndiv),flow,AG,Detritus_production,NA,NA
AG.Carnivores_AG.Litter,leg.ef,0.029,0.22558260304403022,0.01049939465416286,6.909963289681978,0.029980479752036614,8.288530915623862e-4,0.1751742649752228,0.40000000000000036,(AG.Carnivores_AG.Litter ^ lambda -1)/lambda ~ block + leg.ef + log2(sowndiv) + gr.ef + sh.ef + th.ef,flow,AG,Detritus_production,NA,NA
AG.Carnivores_AG.Litter,gr.ef,0.025,0.22558260304403033,0.6144032739244936,0.2560662800466221,-0.02948876523817352,-8.272005686486071e-4,-0.1748250119052604,0.40000000000000036,(AG.Carnivores_AG.Litter ^ lambda -1)/lambda ~ block + gr.ef + log2(sowndiv) + leg.ef + sh.ef + th.ef,flow,AG,Detritus_production,NA,NA
AG.Carnivores_AG.Litter,sh.ef,0.013,0.2255826030440304,0.6061544726142882,0.26819600098717256,-0.020300975790389433,-5.671051747338247e-4,-0.12004323928034759,0.40000000000000036,(AG.Carnivores_AG.Litter ^ lambda -1)/lambda ~ block + sh.ef + log2(sowndiv) + leg.ef + gr.ef + th.ef,flow,AG,Detritus_production,NA,NA
AG.Carnivores_AG.Litter,th.ef,0.021,0.22558260304403027,0.8541796706779426,0.034024921620652696,-0.02641616223490459,-7.419703410224622e-4,-0.15646665078004607,0.40000000000000036,(AG.Carnivores_AG.Litter ^ lambda -1)/lambda ~ block + th.ef + log2(sowndiv) + leg.ef + gr.ef + sh.ef,flow,AG,Detritus_production,NA,NA
AG.Omnivores_AG.Litter,sowndiv,0.026,0.13552350008436329,0.07030876579761146,3.37669396019571,0.033781213739292645,4.8689771117002686e-4,0.15184335924161096,0.40000000000000036,(AG.Omnivores_AG.Litter ^ lambda -1)/lambda ~ block + log2(sowndiv) + leg.ef + gr.ef + sh.ef + th.ef,flow,AG,Detritus_production,NA,NA
AG.Omnivores_AG.Litter,numfg,0.001,0.07008479327317232,0.18922828165510225,1.7557836696780391,0.007799515308162429,0.0011348278329605642,0.03176584974477034,0.40000000000000036,(AG.Omnivores_AG.Litter ^ lambda -1)/lambda ~ block + numfg + log2(sowndiv),flow,AG,Detritus_production,NA,NA
AG.Omnivores_AG.Litter,leg.ef,0.049,0.13552350008436342,0.01429842062349021,6.30764789191309,0.12785124070595172,0.018428969242875685,0.22323350678739204,0.40000000000000036,(AG.Omnivores_AG.Litter ^ lambda -1)/lambda ~ block + leg.ef + log2(sowndiv) + gr.ef + sh.ef + th.ef,flow,AG,Detritus_production,NA,NA
AG.Omnivores_AG.Litter,gr.ef,0.002,0.1355235000843634,0.9039167418437459,0.014676616397702257,-0.028783395074174455,-0.004197967985617446,-0.050850761236842554,0.40000000000000036,(AG.Omnivores_AG.Litter ^ lambda -1)/lambda ~ block + gr.ef + log2(sowndiv) + leg.ef + sh.ef + th.ef,flow,AG,Detritus_production,NA,NA
AG.Omnivores_AG.Litter,sh.ef,0,0.1355235000843633,0.3497709918198676,0.8859416922649312,-0.008133440790051712,-0.0011839283665394246,-0.014363659997076426,0.40000000000000036,(AG.Omnivores_AG.Litter ^ lambda -1)/lambda ~ block + sh.ef + log2(sowndiv) + leg.ef + gr.ef + th.ef,flow,AG,Detritus_production,NA,NA
AG.Omnivores_AG.Litter,th.ef,0.015,0.1355235000843633,0.8293138070597686,0.046819325753482334,-0.07270704998272405,-0.010665913526229295,-0.12891364661195812,0.40000000000000036,(AG.Omnivores_AG.Litter ^ lambda -1)/lambda ~ block + th.ef + log2(sowndiv) + leg.ef + gr.ef + sh.ef,flow,AG,Detritus_production,NA,NA
AG.Decomposers_AG.Litter,sowndiv,0.03,0.42704082487215633,0.002581420654984323,9.760588479682767,0.037023885215478114,8.486599919047071e-4,0.13307420984879476,0.40000000000000036,(AG.Decomposers_AG.Litter ^ lambda -1)/lambda ~ block + log2(sowndiv) + leg.ef + gr.ef + sh.ef + th.ef,flow,AG,Detritus_production,NA,NA
AG.Decomposers_AG.Litter,numfg,0.033,0.3904745588744646,0.0020456292085259914,10.2185331044632,0.05553916253418049,0.013206588303638878,0.18587596456365094,0.40000000000000036,(AG.Decomposers_AG.Litter ^ lambda -1)/lambda ~ block + numfg + log2(sowndiv),flow,AG,Detritus_production,NA,NA
AG.Decomposers_AG.Litter,leg.ef,0.03,0.42704082487215644,0.004606379801847676,8.562222841061603,0.10165349858992002,0.02334897337884445,0.1422093736571916,0.40000000000000036,(AG.Decomposers_AG.Litter ^ lambda -1)/lambda ~ block + leg.ef + log2(sowndiv) + gr.ef + sh.ef + th.ef,flow,AG,Detritus_production,NA,NA
AG.Decomposers_AG.Litter,gr.ef,0.012,0.4270408248721564,0.7387025587491798,0.11214497359430775,-0.06707236503597439,-0.01555895011875634,-0.09476341915557616,0.40000000000000036,(AG.Decomposers_AG.Litter ^ lambda -1)/lambda ~ block + gr.ef + log2(sowndiv) + leg.ef + sh.ef + th.ef,flow,AG,Detritus_production,NA,NA
AG.Decomposers_AG.Litter,sh.ef,0.034,0.42704082487215644,0.013389327094765967,6.434946778287541,0.11096976978796042,0.02553295573807586,0.15575531651286303,0.40000000000000036,(AG.Decomposers_AG.Litter ^ lambda -1)/lambda ~ block + sh.ef + log2(sowndiv) + leg.ef + gr.ef + th.ef,flow,AG,Detritus_production,NA,NA
AG.Decomposers_AG.Litter,th.ef,0.013,0.4270408248721564,0.08228160316316055,3.106550685125534,0.06823169042397505,0.015679133396485717,0.09528509855061822,0.40000000000000036,(AG.Decomposers_AG.Litter ^ lambda -1)/lambda ~ block + th.ef + log2(sowndiv) + leg.ef + gr.ef + sh.ef,flow,AG,Detritus_production,NA,NA
SOM_Soil.Microorganisms,sowndiv,0.056,0.27473719328614277,0.004962767567534847,8.410173300975153,0.020219967283378645,9.622810593429287e-4,0.21989451896175452,0.5,(SOM_Soil.Microorganisms ^ lambda -1)/lambda ~ block + log2(sowndiv) + leg.ef + gr.ef + sh.ef + th.ef,flow,BG,Decomposition,NA,NA
SOM_Soil.Microorganisms,numfg,0,0.21512949803088605,0.06056491604219912,3.6319422982383345,0.001749420030396205,8.359043882485614e-4,0.01714515833941093,0.5,(SOM_Soil.Microorganisms ^ lambda -1)/lambda ~ block + numfg + log2(sowndiv),flow,BG,Decomposition,NA,NA
SOM_Soil.Microorganisms,leg.ef,0.006,0.2747371932861428,0.8588250267318865,0.03186847881641042,-0.01748427167671169,-0.008348710654848657,-0.0741023776269048,0.5,(SOM_Soil.Microorganisms ^ lambda -1)/lambda ~ block + leg.ef + log2(sowndiv) + gr.ef + sh.ef + th.ef,flow,BG,Decomposition,NA,NA
SOM_Soil.Microorganisms,gr.ef,0.056,0.2747371932861427,0.002364138367752429,9.945087961794046,0.05822695320278027,0.02772061520490479,0.24604559684566182,0.5,(SOM_Soil.Microorganisms ^ lambda -1)/lambda ~ block + gr.ef + log2(sowndiv) + leg.ef + sh.ef + th.ef,flow,BG,Decomposition,NA,NA
SOM_Soil.Microorganisms,sh.ef,0.007,0.27473719328614277,0.49004547581875246,0.48141613270498107,-0.0194603426964279,-0.009290635406934838,-0.08259228930633389,0.5,(SOM_Soil.Microorganisms ^ lambda -1)/lambda ~ block + sh.ef + log2(sowndiv) + leg.ef + gr.ef + th.ef,flow,BG,Decomposition,NA,NA
SOM_Soil.Microorganisms,th.ef,0.002,0.2747371932861427,0.34884756390729765,0.8893646207037595,-0.011323379038332552,-0.005406387992034162,-0.04788091506315691,0.5,(SOM_Soil.Microorganisms ^ lambda -1)/lambda ~ block + th.ef + log2(sowndiv) + leg.ef + gr.ef + sh.ef,flow,BG,Decomposition,NA,NA
Plants_o,sowndiv,0.258,0.4843436245710446,3.771830845486436e-9,45.194210811867734,0.11358736552737786,0.6549660540193654,0.4531569830343592,-0.09999999999999987,(Plants_o ^ lambda -1)/lambda ~ block + log2(sowndiv) + leg.ef + gr.ef + sh.ef + th.ef,flow,AG_BG,Respiration,NA,NA
Plants_o,numfg,0,0.38220156691735235,1.2908285998535537e-4,16.326192664605106,0.0025169021943691134,0.14324716256173295,0.008895868237150443,-0.09999999999999987,(Plants_o ^ lambda -1)/lambda ~ block + numfg + log2(sowndiv),flow,AG_BG,Respiration,NA,NA
Plants_o,leg.ef,0.09,0.4843436245710446,0.5478899496004155,0.3645945932024632,-0.16523573685728282,-9.4629344795543,-0.2543056355421973,-0.09999999999999987,(Plants_o ^ lambda -1)/lambda ~ block + leg.ef + log2(sowndiv) + gr.ef + sh.ef + th.ef,flow,AG_BG,Respiration,NA,NA
Plants_o,gr.ef,0.044,0.48434362457104446,2.561595493312891e-6,26.160994750752764,0.1200023194022567,6.746701240674483,0.18130994677497392,-0.09999999999999987,(Plants_o ^ lambda -1)/lambda ~ block + gr.ef + log2(sowndiv) + leg.ef + sh.ef + th.ef,flow,AG_BG,Respiration,NA,NA
Plants_o,sh.ef,0.009,0.48434362457104446,0.0016614935183808979,10.69175900940341,0.05247674728980207,2.961333955967646,0.07970744561844251,-0.09999999999999987,(Plants_o ^ lambda -1)/lambda ~ block + sh.ef + log2(sowndiv) + leg.ef + gr.ef + th.ef,flow,AG_BG,Respiration,NA,NA
Plants_o,th.ef,0.001,0.4843436245710446,0.015398311979483338,6.164579820650774,0.013782122098938115,0.7782845279760693,0.020869452086122883,-0.09999999999999987,(Plants_o ^ lambda -1)/lambda ~ block + th.ef + log2(sowndiv) + leg.ef + gr.ef + sh.ef,flow,AG_BG,Respiration,NA,NA
AG.Herbivores_o,sowndiv,0.002,0.07902736338057098,0.9562791532747376,0.0030269105105929324,-0.05889177487815817,-3.7447941528603115e-6,-0.0017384385264151792,0,log(AG.Herbivores_o) ~ block + log2(sowndiv) + leg.ef + gr.ef + sh.ef + th.ef,flow,AG,Respiration,NA,NA
AG.Herbivores_o,numfg,0.006,0.02820733307248597,0.6000531698649101,0.2772971551208366,0.2953022587392046,8.08820144554105e-5,0.003370200787192481,-0.09999999999999987,(AG.Herbivores_o ^ lambda -1)/lambda ~ block + numfg + log2(sowndiv),flow,AG,Respiration,NA,NA
AG.Herbivores_o,leg.ef,0.014,0.07902736338057098,0.1879214868948726,1.7677125907146511,0.42976319320447115,2.6646697406606265e-4,0.004804797009687584,0,log(AG.Herbivores_o) ~ block + leg.ef + log2(sowndiv) + gr.ef + sh.ef + th.ef,flow,AG,Respiration,NA,NA
AG.Herbivores_o,gr.ef,0.018,0.07902736338057102,0.24242462309132773,1.3895016381715275,-0.5204147889319359,-3.35576256151009e-4,-0.006050940450416874,0,log(AG.Herbivores_o) ~ block + gr.ef + log2(sowndiv) + leg.ef + sh.ef + th.ef,flow,AG,Respiration,NA,NA
AG.Herbivores_o,sh.ef,0.014,0.079027363380571,0.40650381157559234,0.6972693560372983,0.4451304059730453,2.7753013709200486e-4,0.005012139595622512,0,log(AG.Herbivores_o) ~ block + sh.ef + log2(sowndiv) + leg.ef + gr.ef + th.ef,flow,AG,Respiration,NA,NA
AG.Herbivores_o,th.ef,0.002,0.079027363380571,0.9256340306980142,0.00877433005820531,0.16412906693241655,1.0190255892123109e-4,0.0018334085109097283,0,log(AG.Herbivores_o) ~ block + th.ef + log2(sowndiv) + leg.ef + gr.ef + sh.ef,flow,AG,Respiration,NA,NA
AG.Carnivores_o,sowndiv,0,0.09965639474376284,0.7646998324830852,0.09027977147906095,-2.929733742389028e-4,-4.4224978491999477e-7,-0.00463031857416055,0.40000000000000036,(AG.Carnivores_o ^ lambda -1)/lambda ~ block + log2(sowndiv) + leg.ef + gr.ef + sh.ef + th.ef,flow,AG,Respiration,NA,NA
AG.Carnivores_o,numfg,0.003,0.037228536553782166,0.6032837721235524,0.2724020700308029,0.003896851037274357,5.949018144650977e-5,0.05590632743946663,0.40000000000000036,(AG.Carnivores_o ^ lambda -1)/lambda ~ block + numfg + log2(sowndiv),flow,AG,Respiration,NA,NA
AG.Carnivores_o,leg.ef,0.003,0.09965639474376284,0.7536550431590426,0.09925043902407552,-0.008649753106318697,-1.3077862112081213e-4,-0.05318390992851801,0.40000000000000036,(AG.Carnivores_o ^ lambda -1)/lambda ~ block + leg.ef + log2(sowndiv) + gr.ef + sh.ef + th.ef,flow,AG,Respiration,NA,NA
AG.Carnivores_o,gr.ef,0.001,0.09965639474376296,0.5322079691168804,0.3940192868961967,0.004945225767590535,7.43898321115071e-5,0.030252208630959152,0.40000000000000036,(AG.Carnivores_o ^ lambda -1)/lambda ~ block + gr.ef + log2(sowndiv) + leg.ef + sh.ef + th.ef,flow,AG,Respiration,NA,NA
AG.Carnivores_o,sh.ef,0.041,0.09965639474376284,0.05266424408240208,3.8834396746615067,0.03184710290004519,4.768304201113598e-4,0.19421770414449055,0.40000000000000036,(AG.Carnivores_o ^ lambda -1)/lambda ~ block + sh.ef + log2(sowndiv) + leg.ef + gr.ef + th.ef,flow,AG,Respiration,NA,NA
AG.Carnivores_o,th.ef,0.009,0.0996563947437629,0.2929269981518846,1.1227103074465934,-0.014781756154191809,-2.244434745932943e-4,-0.09107370202000967,0.40000000000000036,(AG.Carnivores_o ^ lambda -1)/lambda ~ block + th.ef + log2(sowndiv) + leg.ef + gr.ef + sh.ef,flow,AG,Respiration,NA,NA
AG.Omnivores_o,sowndiv,0.056,0.20787880153030447,0.01576211845401402,6.119619634179218,0.3488310800563238,2.3184901544711652e-4,0.09790877007994499,0,log(AG.Omnivores_o) ~ block + log2(sowndiv) + leg.ef + gr.ef + sh.ef + th.ef,flow,AG,Respiration,NA,NA
AG.Omnivores_o,numfg,0.001,0.15155075891528577,0.16892920088014055,1.9299599098863125,-0.04954259248562902,-2.9165959709885007e-4,-0.011055160165122077,0,log(AG.Omnivores_o) ~ block + numfg + log2(sowndiv),flow,AG,Respiration,NA,NA
AG.Omnivores_o,leg.ef,0.002,0.2078788015303045,0.3943942976737542,0.7342430446891416,-0.18079927331783743,-0.0010859205937671186,-0.01781208154465368,0,log(AG.Omnivores_o) ~ block + leg.ef + log2(sowndiv) + gr.ef + sh.ef + th.ef,flow,AG,Respiration,NA,NA
AG.Omnivores_o,gr.ef,0.029,0.2078788015303045,0.8355461459476468,0.04341298532747248,-0.7188905791585185,-0.004495190798326429,-0.07373348062292885,0,log(AG.Omnivores_o) ~ block + gr.ef + log2(sowndiv) + leg.ef + sh.ef + th.ef,flow,AG,Respiration,NA,NA
AG.Omnivores_o,sh.ef,0,0.20787880153030447,0.8285879552499549,0.04722480437167338,-0.06973003432774588,-4.1622721642916357e-4,-0.006837989564472385,0,log(AG.Omnivores_o) ~ block + sh.ef + log2(sowndiv) + leg.ef + gr.ef + th.ef,flow,AG,Respiration,NA,NA
AG.Omnivores_o,th.ef,0.039,0.2078788015303045,0.01607991198435682,6.081233074093684,0.8254765872240946,0.004854076051155733,0.07944483740414364,0,log(AG.Omnivores_o) ~ block + th.ef + log2(sowndiv) + leg.ef + gr.ef + sh.ef,flow,AG,Respiration,NA,NA
AG.Decomposers_o,sowndiv,0.028,0.22226531596853386,0.02961297041487224,4.928394144235818,0.08737824368671505,1.2093489296183366e-5,0.04189848217178886,0.10000000000000009,(AG.Decomposers_o ^ lambda -1)/lambda ~ block + log2(sowndiv) + leg.ef + gr.ef + sh.ef + th.ef,flow,AG,Respiration,NA,NA
AG.Decomposers_o,numfg,0.004,0.13593597254158632,0.07602216975728543,3.238063512833734,0.04883978828783021,6.92241394148921e-5,0.02152666040018462,0.10000000000000009,(AG.Decomposers_o ^ lambda -1)/lambda ~ block + numfg + log2(sowndiv),flow,AG,Respiration,NA,NA
AG.Decomposers_o,leg.ef,0.002,0.22226531596853386,0.0720310540373522,3.3348497881326495,0.0645330499124552,8.842059170916774e-5,0.011898722853481526,0.10000000000000009,(AG.Decomposers_o ^ lambda -1)/lambda ~ block + leg.ef + log2(sowndiv) + gr.ef + sh.ef + th.ef,flow,AG,Respiration,NA,NA
AG.Decomposers_o,gr.ef,0.063,0.22226531596853386,0.3272201347828184,0.9732537433721297,-0.3869678326168317,-5.575562577586952e-4,-0.07503011751059302,0.10000000000000009,(AG.Decomposers_o ^ lambda -1)/lambda ~ block + gr.ef + log2(sowndiv) + leg.ef + sh.ef + th.ef,flow,AG,Respiration,NA,NA
AG.Decomposers_o,sh.ef,0.031,0.2222653159685339,0.08022954155447831,3.1496546601266546,0.26022723727070957,3.5676300247779104e-4,0.04808483122726668,0.10000000000000009,(AG.Decomposers_o ^ lambda -1)/lambda ~ block + sh.ef + log2(sowndiv) + leg.ef + gr.ef + th.ef,flow,AG,Respiration,NA,NA
AG.Decomposers_o,th.ef,0.028,0.2222653159685339,0.08826684825643617,2.987300208903139,0.2467770005986804,3.3435402965473486e-4,0.04489479498272106,0.10000000000000009,(AG.Decomposers_o ^ lambda -1)/lambda ~ block + th.ef + log2(sowndiv) + leg.ef + gr.ef + sh.ef,flow,AG,Respiration,NA,NA
BG.Carnivores_o,sowndiv,0.011,0.058005406517913694,0.9762779842979055,8.904552108041195e-4,-0.17140558662796831,-0.013709593539662944,-0.03758322003596303,0.20000000000000018,(BG.Carnivores_o ^ lambda -1)/lambda ~ block + log2(sowndiv) + leg.ef + gr.ef + sh.ef + th.ef,flow,BG,Respiration,NA,NA
BG.Carnivores_o,numfg,0.028,0.046014209769070676,0.25624989132794435,1.3090739934274815,0.38968759379161216,0.34076733905229606,0.0838493690407479,0.20000000000000018,(BG.Carnivores_o ^ lambda -1)/lambda ~ block + numfg + log2(sowndiv),flow,BG,Respiration,NA,NA
BG.Carnivores_o,leg.ef,0.027,0.05800540651791363,0.25139956664197616,1.3372282232658712,0.7479529627718609,0.5624653416385812,0.05989153455734014,0.20000000000000018,(BG.Carnivores_o ^ lambda -1)/lambda ~ block + leg.ef + log2(sowndiv) + gr.ef + sh.ef + th.ef,flow,BG,Respiration,NA,NA
BG.Carnivores_o,gr.ef,0.018,0.05800540651791367,0.402158860270599,0.7103474059924756,0.6482263093143803,0.4874736660357171,0.05190639094333991,0.20000000000000018,(BG.Carnivores_o ^ lambda -1)/lambda ~ block + gr.ef + log2(sowndiv) + leg.ef + sh.ef + th.ef,flow,BG,Respiration,NA,NA
BG.Carnivores_o,sh.ef,0.001,0.05800540651791365,0.6340149920488034,0.2286239786150112,0.11782383650414324,0.0894039445370759,0.00953471482091958,0.20000000000000018,(BG.Carnivores_o ^ lambda -1)/lambda ~ block + sh.ef + log2(sowndiv) + leg.ef + gr.ef + th.ef,flow,BG,Respiration,NA,NA
BG.Carnivores_o,th.ef,0,0.05800540651791367,0.8695059573418294,0.027185840101124473,0.01976711616639307,0.015019684241192155,0.0015957798439728394,0.20000000000000018,(BG.Carnivores_o ^ lambda -1)/lambda ~ block + th.ef + log2(sowndiv) + leg.ef + gr.ef + sh.ef,flow,BG,Respiration,NA,NA
BG.Herbivores_o,sowndiv,0.008,0.05951901526776005,0.9441483668227972,0.004942825854212506,0.16930274379733998,2.969059035619843e-4,0.012567345602956801,0,log(BG.Herbivores_o) ~ block + log2(sowndiv) + leg.ef + gr.ef + sh.ef + th.ef,flow,BG,Respiration,NA,NA
BG.Herbivores_o,numfg,0.017,0.02699893808792482,0.41188131740206946,0.681040001734002,-0.3426349430422599,-0.005528268328171745,-0.021003238701888423,0,log(BG.Herbivores_o) ~ block + numfg + log2(sowndiv),flow,BG,Respiration,NA,NA
BG.Herbivores_o,leg.ef,0.028,0.05951901526776003,0.33204235492352563,0.9539091882494639,-0.8665166260686301,-0.016000093058840384,-0.026305556889621648,0,log(BG.Herbivores_o) ~ block + leg.ef + log2(sowndiv) + gr.ef + sh.ef + th.ef,flow,BG,Respiration,NA,NA
BG.Herbivores_o,gr.ef,0.034,0.05951901526776004,0.27283804003482964,1.22129263443898,-1.0142164768260524,-0.01904738681368246,-0.03131557520217743,0,log(BG.Herbivores_o) ~ block + gr.ef + log2(sowndiv) + leg.ef + sh.ef + th.ef,flow,BG,Respiration,NA,NA
BG.Herbivores_o,sh.ef,0.004,0.05951901526776002,0.8635925138024667,0.029731027338282322,0.3426580610189207,0.005915529131054607,0.009740919240820782,0,log(BG.Herbivores_o) ~ block + sh.ef + log2(sowndiv) + leg.ef + gr.ef + th.ef,flow,BG,Respiration,NA,NA
BG.Herbivores_o,th.ef,0.001,0.05951901526776003,0.9820573567309256,5.093611373098765e-4,0.17773028009337782,0.003056355802185915,0.00501385074180933,0,log(BG.Herbivores_o) ~ block + th.ef + log2(sowndiv) + leg.ef + gr.ef + sh.ef,flow,BG,Respiration,NA,NA
BG.Decomposers_o,sowndiv,0.018,0.10432534577983306,0.6092585387603102,0.26358982745678405,0.21012226306494255,0.09328628416275352,0.124917838069852,0.30000000000000027,(BG.Decomposers_o ^ lambda -1)/lambda ~ block + log2(sowndiv) + leg.ef + gr.ef + sh.ef + th.ef,flow,BG,Respiration,NA,NA
BG.Decomposers_o,numfg,0.018,0.05562691002843607,0.5654413023507137,0.3333574801223013,-0.2937387478553206,-1.2648506724025745,-0.15202616822323822,0.30000000000000027,(BG.Decomposers_o ^ lambda -1)/lambda ~ block + numfg + log2(sowndiv),flow,BG,Respiration,NA,NA
BG.Decomposers_o,leg.ef,0,0.10432534577983306,0.8191227757483595,0.052680569729176105,-0.0746931518197804,-0.3345496647940216,-0.017400732489383047,0.30000000000000027,(BG.Decomposers_o ^ lambda -1)/lambda ~ block + leg.ef + log2(sowndiv) + gr.ef + sh.ef + th.ef,flow,BG,Respiration,NA,NA
BG.Decomposers_o,gr.ef,0.002,0.10432534577983309,0.6971722730157219,0.1526641072406259,0.19630943892069172,0.8760748259830269,0.04556675821809363,0.30000000000000027,(BG.Decomposers_o ^ lambda -1)/lambda ~ block + gr.ef + log2(sowndiv) + leg.ef + sh.ef + th.ef,flow,BG,Respiration,NA,NA
BG.Decomposers_o,sh.ef,0.002,0.10432534577983309,0.7531753556277596,0.0996506279707759,-0.20802902040680335,-0.9326960290170607,-0.048587931751689614,0.30000000000000027,(BG.Decomposers_o ^ lambda -1)/lambda ~ block + sh.ef + log2(sowndiv) + leg.ef + gr.ef + th.ef,flow,BG,Respiration,NA,NA
BG.Decomposers_o,th.ef,0.066,0.10432534577983316,0.06627778473792499,3.479177969051262,-1.1557023286488064,-5.304042328175055,-0.27526843351308156,0.30000000000000027,(BG.Decomposers_o ^ lambda -1)/lambda ~ block + th.ef + log2(sowndiv) + leg.ef + gr.ef + sh.ef,flow,BG,Respiration,NA,NA
BG.Omnivores_o,sowndiv,0.005,0.1536878077111142,0.213407239077665,1.5763245244988862,-0.09620223125627236,-0.0028215210940539547,-0.007039981120597845,0,log(BG.Omnivores_o) ~ block + log2(sowndiv) + leg.ef + gr.ef + sh.ef + th.ef,flow,BG,Respiration,NA,NA
BG.Omnivores_o,numfg,0.076,0.1451827727616855,0.008343040467429577,7.347396098723974,0.5654146899048097,0.22037761978951956,0.04935465375736833,0,log(BG.Omnivores_o) ~ block + numfg + log2(sowndiv),flow,BG,Respiration,NA,NA
BG.Omnivores_o,leg.ef,0.008,0.1536878077111143,0.19665482997319422,1.6988072018479001,0.3522969425414502,0.09927959353931023,0.009621625518382465,0,log(BG.Omnivores_o) ~ block + leg.ef + log2(sowndiv) + gr.ef + sh.ef + th.ef,flow,BG,Respiration,NA,NA
BG.Omnivores_o,gr.ef,0.006,0.15368780771111423,0.195355431350969,1.7088263435304178,0.32212599956734256,0.09080311541409727,0.008800132446865542,0,log(BG.Omnivores_o) ~ block + gr.ef + log2(sowndiv) + leg.ef + sh.ef + th.ef,flow,BG,Respiration,NA,NA
BG.Omnivores_o,sh.ef,0.048,0.15368780771111423,0.03493423054023097,4.623994821318827,0.8992559603589164,0.2582858908764106,0.02507093298913111,0,log(BG.Omnivores_o) ~ block + sh.ef + log2(sowndiv) + leg.ef + gr.ef + th.ef,flow,BG,Respiration,NA,NA
BG.Omnivores_o,th.ef,0.028,0.15368780771111426,0.13438758997038577,2.2931217436391615,0.6828745257267003,0.19114515043366515,0.018483926891490983,0,log(BG.Omnivores_o) ~ block + th.ef + log2(sowndiv) + leg.ef + gr.ef + sh.ef,flow,BG,Respiration,NA,NA
Soil.Microorganisms_o,sowndiv,0.005,0.15370492368208333,0.5361797211142193,0.3864170542348797,0.008358580605756996,4.589032237418811e-4,0.07313495004286681,0.7000000000000002,(Soil.Microorganisms_o ^ lambda -1)/lambda ~ block + log2(sowndiv) + leg.ef + gr.ef + sh.ef + th.ef,flow,BG,Respiration,NA,NA
Soil.Microorganisms_o,numfg,0.001,0.12047624541105163,0.8404466900821932,0.04081661907638809,-0.0049748353716597615,-0.0027300560970051437,-0.03905241176775211,0.7000000000000002,(Soil.Microorganisms_o ^ lambda -1)/lambda ~ block + numfg + log2(sowndiv),flow,BG,Respiration,NA,NA
Soil.Microorganisms_o,leg.ef,0.001,0.15370492368208324,0.7185302158766091,0.13094381267128186,-0.009982581997652456,-0.0054878168468361355,-0.033970640503239585,0.7000000000000002,(Soil.Microorganisms_o ^ lambda -1)/lambda ~ block + leg.ef + log2(sowndiv) + gr.ef + sh.ef + th.ef,flow,BG,Respiration,NA,NA
Soil.Microorganisms_o,gr.ef,0.014,0.15370492368208327,0.2692446341418939,1.2399066420527187,0.04165912578464487,0.022844742234502127,0.14141334295528807,0.7000000000000002,(Soil.Microorganisms_o ^ lambda -1)/lambda ~ block + gr.ef + log2(sowndiv) + leg.ef + sh.ef + th.ef,flow,BG,Respiration,NA,NA
Soil.Microorganisms_o,sh.ef,0.022,0.15370492368208338,0.36246316633605613,0.8401276621445701,-0.051323979723060284,-0.028240036280960182,-0.1750857217708082,0.7000000000000002,(Soil.Microorganisms_o ^ lambda -1)/lambda ~ block + sh.ef + log2(sowndiv) + leg.ef + gr.ef + th.ef,flow,BG,Respiration,NA,NA
Soil.Microorganisms_o,th.ef,0,0.1537049236820833,0.5025210480230955,0.45423069951345346,0.004730917114846535,0.0025988608795066426,0.01605201871432549,0.7000000000000002,(Soil.Microorganisms_o ^ lambda -1)/lambda ~ block + th.ef + log2(sowndiv) + leg.ef + gr.ef + sh.ef,flow,BG,Respiration,NA,NA
Plants.Stock,sowndiv,0.259,0.4849304434647768,3.4037538749685783e-9,45.52396693542852,0.08851236191670094,12.02793575763453,0.4538219666907929,-0.09999999999999987,(Plants.Stock ^ lambda -1)/lambda ~ block + log2(sowndiv) + leg.ef + gr.ef + sh.ef + th.ef,stock,AG_BG,NA,Plants,1
Plants.Stock,numfg,0,0.38349787853107603,1.2079211474106483e-4,16.480085567046565,0.0020411745552889886,2.731149301425224,0.009249372797052261,-0.09999999999999987,(Plants.Stock ^ lambda -1)/lambda ~ block + numfg + log2(sowndiv),stock,AG_BG,NA,Plants,1
Plants.Stock,leg.ef,0.088,0.4849304434647768,0.5651436879307963,0.33399652798339635,-0.12685725763930047,-170.81193667451396,-0.2503299985301041,-0.09999999999999987,(Plants.Stock ^ lambda -1)/lambda ~ block + leg.ef + log2(sowndiv) + gr.ef + sh.ef + th.ef,stock,AG_BG,NA,Plants,1
Plants.Stock,gr.ef,0.046,0.4849304434647767,2.2802739536323515e-6,26.469203159453215,0.09495592363965003,125.44543929250983,0.18384404067463345,-0.09999999999999987,(Plants.Stock ^ lambda -1)/lambda ~ block + gr.ef + log2(sowndiv) + leg.ef + sh.ef + th.ef,stock,AG_BG,NA,Plants,1
Plants.Stock,sh.ef,0.008,0.4849304434647769,0.0018053030913231442,10.515078059609666,0.03841385798291755,50.949940009472016,0.07478589763061261,-0.09999999999999987,(Plants.Stock ^ lambda -1)/lambda ~ block + sh.ef + log2(sowndiv) + leg.ef + gr.ef + th.ef,stock,AG_BG,NA,Plants,1
Plants.Stock,th.ef,0.001,0.4849304434647768,0.014831446842229605,6.2369175129711625,0.010227834403827539,13.574716044155366,0.019850339213978236,-0.09999999999999987,(Plants.Stock ^ lambda -1)/lambda ~ block + th.ef + log2(sowndiv) + leg.ef + gr.ef + sh.ef,stock,AG_BG,NA,Plants,1
AG.Herbivores.Stock,sowndiv,0.099,0.2058044948725628,0.03292082513088366,4.732944721589282,0.029724167418951383,2.463269365458575e-4,0.3106759196516887,0.40000000000000036,(AG.Herbivores.Stock ^ lambda -1)/lambda ~ block + log2(sowndiv) + leg.ef + gr.ef + sh.ef + th.ef,stock,AG,NA,Herbivores,2
AG.Herbivores.Stock,numfg,0.035,0.16784044622073413,0.9308791653268864,0.007575005771625649,-0.03711251411711431,-0.0019603715884126383,-0.22192514631171353,0.30000000000000027,(AG.Herbivores.Stock ^ lambda -1)/lambda ~ block + numfg + log2(sowndiv),stock,AG,NA,Herbivores,2
AG.Herbivores.Stock,leg.ef,0.002,0.20580449487256264,0.4558036868230364,0.5623224630462421,-0.011321325277100787,-9.502351021905067e-4,-0.046550786456364575,0.40000000000000036,(AG.Herbivores.Stock ^ lambda -1)/lambda ~ block + leg.ef + log2(sowndiv) + gr.ef + sh.ef + th.ef,stock,AG,NA,Herbivores,2
AG.Herbivores.Stock,gr.ef,0.057,0.20580449487256286,0.29002238605050984,1.1364171260548888,-0.06385522852793762,-0.005395528809522009,-0.2643199655035131,0.40000000000000036,(AG.Herbivores.Stock ^ lambda -1)/lambda ~ block + gr.ef + log2(sowndiv) + leg.ef + sh.ef + th.ef,stock,AG,NA,Herbivores,2
AG.Herbivores.Stock,sh.ef,0.001,0.20580449487256278,0.34472471532149684,0.9048004592938228,0.005949576822319092,4.98464985882914e-4,0.02445749447155393,0.40000000000000036,(AG.Herbivores.Stock ^ lambda -1)/lambda ~ block + sh.ef + log2(sowndiv) + leg.ef + gr.ef + th.ef,stock,AG,NA,Herbivores,2
AG.Herbivores.Stock,th.ef,0.014,0.20580449487256283,0.6986807267735777,0.15106717992081437,-0.030644520229547993,-0.0025812984734627457,-0.12617597708745362,0.40000000000000036,(AG.Herbivores.Stock ^ lambda -1)/lambda ~ block + th.ef + log2(sowndiv) + leg.ef + gr.ef + sh.ef,stock,AG,NA,Herbivores,2
AG.Carnivores.Stock,sowndiv,0.044,0.2649731987741185,0.051106907770927565,3.9368017641590534,-0.031355544401712544,-2.92066677722218e-4,-0.16829855591597093,0.30000000000000027,(AG.Carnivores.Stock ^ lambda -1)/lambda ~ block + log2(sowndiv) + leg.ef + gr.ef + sh.ef + th.ef,stock,AG,NA,Carnivores,3
AG.Carnivores.Stock,numfg,0.003,0.2501093583191028,0.3795416795281231,0.7815141942473562,0.011970792857529866,0.0011054417819958324,0.057175067075487404,0.30000000000000027,(AG.Carnivores.Stock ^ lambda -1)/lambda ~ block + numfg + log2(sowndiv),stock,AG,NA,Carnivores,3
AG.Carnivores.Stock,leg.ef,0.023,0.2649731987741185,0.6362131533683704,0.22566755119853435,0.06078537498902918,0.005553653325357056,0.12430179828882995,0.30000000000000027,(AG.Carnivores.Stock ^ lambda -1)/lambda ~ block + leg.ef + log2(sowndiv) + gr.ef + sh.ef + th.ef,stock,AG,NA,Carnivores,3
AG.Carnivores.Stock,gr.ef,0.001,0.26497319877411846,0.39325351753668014,0.7378117489118543,0.01395338848374847,0.0012788197392594458,0.02862252718429844,0.30000000000000027,(AG.Carnivores.Stock ^ lambda -1)/lambda ~ block + gr.ef + log2(sowndiv) + leg.ef + sh.ef + th.ef,stock,AG,NA,Carnivores,3
AG.Carnivores.Stock,sh.ef,0.001,0.2649731987741185,0.42239852637756714,0.6511450262760514,-0.014018134474083515,-0.0012869431171051993,-0.028849570403096117,0.30000000000000027,(AG.Carnivores.Stock ^ lambda -1)/lambda ~ block + sh.ef + log2(sowndiv) + leg.ef + gr.ef + th.ef,stock,AG,NA,Carnivores,3
AG.Carnivores.Stock,th.ef,0.002,0.26497319877411857,0.37666093102382703,0.7914685867137801,-0.016177064207876752,-0.001486480173415225,-0.03319710905048958,0.30000000000000027,(AG.Carnivores.Stock ^ lambda -1)/lambda ~ block + th.ef + log2(sowndiv) + leg.ef + gr.ef + sh.ef,stock,AG,NA,Carnivores,3
AG.Omnivores.Stock,sowndiv,0.109,0.314225878455323,2.5682596105292737e-4,14.8138543320523,0.10158895656049542,2.632348195703104e-4,0.2108987569964799,0.20000000000000018,(AG.Omnivores.Stock ^ lambda -1)/lambda ~ block + log2(sowndiv) + leg.ef + gr.ef + sh.ef + th.ef,stock,AG,NA,Omnivores,3
AG.Omnivores.Stock,numfg,0,0.27639319868876167,0.012974470909440419,6.482513401527929,0.0071854756552639084,1.842892863397697e-4,0.013252664429548198,0.20000000000000018,(AG.Omnivores.Stock ^ lambda -1)/lambda ~ block + numfg + log2(sowndiv),stock,AG,NA,Omnivores,3
AG.Omnivores.Stock,leg.ef,0.035,0.31422587845532307,0.00902099361922977,7.209457709207706,0.15053741637266838,0.003831932887625674,0.11924737984593678,0.20000000000000018,(AG.Omnivores.Stock ^ lambda -1)/lambda ~ block + leg.ef + log2(sowndiv) + gr.ef + sh.ef + th.ef,stock,AG,NA,Omnivores,3
AG.Omnivores.Stock,gr.ef,0.002,0.31422587845532307,0.1638430965541568,1.97914234057406,0.032585596948370744,8.345814387884717e-4,0.025971657845302844,0.20000000000000018,(AG.Omnivores.Stock ^ lambda -1)/lambda ~ block + gr.ef + log2(sowndiv) + leg.ef + sh.ef + th.ef,stock,AG,NA,Omnivores,3
AG.Omnivores.Stock,sh.ef,0.002,0.3142258784553231,0.12638485813228206,2.392239583883749,-0.03933993502373788,-0.001012085678632443,-0.03154493117748706,0.20000000000000018,(AG.Omnivores.Stock ^ lambda -1)/lambda ~ block + sh.ef + log2(sowndiv) + leg.ef + gr.ef + th.ef,stock,AG,NA,Omnivores,3
AG.Omnivores.Stock,th.ef,0.024,0.314225878455323,0.725141904472365,0.12460182764454313,-0.1300214270477053,-0.003388478179232787,-0.1052151171616726,0.20000000000000018,(AG.Omnivores.Stock ^ lambda -1)/lambda ~ block + th.ef + log2(sowndiv) + leg.ef + gr.ef + sh.ef,stock,AG,NA,Omnivores,3
AG.Decomposers.Stock,sowndiv,0.095,0.38254239912315163,2.4086252071418697e-6,26.323988883796996,0.0217569216412545,1.0356558519860914e-4,0.278863099844868,0.40000000000000036,(AG.Decomposers.Stock ^ lambda -1)/lambda ~ block + log2(sowndiv) + leg.ef + gr.ef + sh.ef + th.ef,stock,AG,NA,Decomposers,2
AG.Decomposers.Stock,numfg,0.055,0.3140873902416054,9.397943376788318e-6,22.64979075575185,0.023481675778724086,0.0011696384429355294,0.2826829725679339,0.40000000000000036,(AG.Decomposers.Stock ^ lambda -1)/lambda ~ block + numfg + log2(sowndiv),stock,AG,NA,Decomposers,2
AG.Decomposers.Stock,leg.ef,0.095,0.3825423991231519,2.2878614637700748e-5,20.5612329161708,0.05915169368283181,0.0028235501010642466,0.2953053749443575,0.40000000000000036,(AG.Decomposers.Stock ^ lambda -1)/lambda ~ block + leg.ef + log2(sowndiv) + gr.ef + sh.ef + th.ef,stock,AG,NA,Decomposers,2
AG.Decomposers.Stock,gr.ef,0,0.38254239912315186,0.0854539330133986,3.0421950538509757,0.001123243236938374,5.40954598258047e-5,0.005657657726925243,0.40000000000000036,(AG.Decomposers.Stock ^ lambda -1)/lambda ~ block + gr.ef + log2(sowndiv) + leg.ef + sh.ef + th.ef,stock,AG,NA,Decomposers,2
AG.Decomposers.Stock,sh.ef,0.038,0.3825423991231518,1.9574701917564292e-4,15.43654639328351,0.037491536026116774,0.0017989978751758182,0.18844640533467674,0.40000000000000036,(AG.Decomposers.Stock ^ lambda -1)/lambda ~ block + sh.ef + log2(sowndiv) + leg.ef + gr.ef + th.ef,stock,AG,NA,Decomposers,2
AG.Decomposers.Stock,th.ef,0.003,0.38254239912315186,0.20305071125618854,1.6506174880869708,-0.009782517192694575,-4.722742131323971e-4,-0.049284753121111934,0.40000000000000036,(AG.Decomposers.Stock ^ lambda -1)/lambda ~ block + th.ef + log2(sowndiv) + leg.ef + gr.ef + sh.ef,stock,AG,NA,Decomposers,2
BG.Herbivores.Stock,sowndiv,0.004,0.06455011486110335,0.5637137159377391,0.3364640623034711,0.11521925689070087,3.54291800853228e-4,0.0030494369827652637,-0.19999999999999996,(BG.Herbivores.Stock ^ lambda -1)/lambda ~ block + log2(sowndiv) + leg.ef + gr.ef + sh.ef + th.ef,stock,BG,NA,Herbivores,2
BG.Herbivores.Stock,numfg,0,0.024707944994402747,0.7833021500880063,0.07618699656229291,-0.03723774869630679,-0.0011397416691640318,-8.805163324285413e-4,-0.19999999999999996,(BG.Herbivores.Stock ^ lambda -1)/lambda ~ block + numfg + log2(sowndiv),stock,BG,NA,Herbivores,2
BG.Herbivores.Stock,leg.ef,0.01,0.06455011486110337,0.5668864431973164,0.33100565237167145,-0.5318615307621165,-0.016722903433815432,-0.005590755624979777,-0.19999999999999996,(BG.Herbivores.Stock ^ lambda -1)/lambda ~ block + leg.ef + log2(sowndiv) + gr.ef + sh.ef + th.ef,stock,BG,NA,Herbivores,2
BG.Herbivores.Stock,gr.ef,0,0.06455011486110333,0.6102694183987611,0.2621006679593737,0.002825666051898164,8.710984627092327e-5,2.9122327050307778e-5,-0.19999999999999996,(BG.Herbivores.Stock ^ lambda -1)/lambda ~ block + gr.ef + log2(sowndiv) + leg.ef + sh.ef + th.ef,stock,BG,NA,Herbivores,2
BG.Herbivores.Stock,sh.ef,0.019,0.06455011486110333,0.15775398992188036,2.038407108945276,0.7526192811324004,0.02319772071000796,0.007767575738592745,-0.19999999999999996,(BG.Herbivores.Stock ^ lambda -1)/lambda ~ block + sh.ef + log2(sowndiv) + leg.ef + gr.ef + th.ef,stock,BG,NA,Herbivores,2
BG.Herbivores.Stock,th.ef,0.006,0.06455011486110337,0.4722786593989158,0.5221993872045327,-0.4161154809546969,-0.013059553633911432,-0.004356419161550393,-0.19999999999999996,(BG.Herbivores.Stock ^ lambda -1)/lambda ~ block + th.ef + log2(sowndiv) + leg.ef + gr.ef + sh.ef,stock,BG,NA,Herbivores,2
BG.Carnivores.Stock,sowndiv,0.002,0.2654915515639509,0.2941380338979801,1.1170473949397568,0.027985015751378385,0.004616526925536498,0.024708854798376544,0.10000000000000009,(BG.Carnivores.Stock ^ lambda -1)/lambda ~ block + log2(sowndiv) + leg.ef + gr.ef + sh.ef + th.ef,stock,BG,NA,Carnivores,3
BG.Carnivores.Stock,numfg,0.01,0.11536802153946037,0.20089447102541347,1.665392777242452,0.10489709227998058,0.17764863304514958,0.08534371482303141,0.10000000000000009,(BG.Carnivores.Stock ^ lambda -1)/lambda ~ block + numfg + log2(sowndiv),stock,BG,NA,Carnivores,3
BG.Carnivores.Stock,leg.ef,0.153,0.26549155156395077,0.0015545826118467053,10.833733076619533,0.7998381425746202,1.3115370866749703,0.2726579006201098,0.10000000000000009,(BG.Carnivores.Stock ^ lambda -1)/lambda ~ block + leg.ef + log2(sowndiv) + gr.ef + sh.ef + th.ef,stock,BG,NA,Carnivores,3
BG.Carnivores.Stock,gr.ef,0.029,0.26549155156395077,0.4357281580072636,0.6144401496505164,0.3457210628439278,0.5672201209065824,0.11792045297625751,0.10000000000000009,(BG.Carnivores.Stock ^ lambda -1)/lambda ~ block + gr.ef + log2(sowndiv) + leg.ef + sh.ef + th.ef,stock,BG,NA,Carnivores,3
BG.Carnivores.Stock,sh.ef,0.031,0.2654915515639507,0.8810553133776978,0.022551402363509422,-0.347380371689924,-0.5805535663094454,-0.12088186773687756,0.10000000000000009,(BG.Carnivores.Stock ^ lambda -1)/lambda ~ block + sh.ef + log2(sowndiv) + leg.ef + gr.ef + th.ef,stock,BG,NA,Carnivores,3
BG.Carnivores.Stock,th.ef,0.045,0.2654915515639509,0.4771024306459004,0.5108784866748812,-0.42490222939479266,-0.7188723035093618,-0.14911858057185384,0.10000000000000009,(BG.Carnivores.Stock ^ lambda -1)/lambda ~ block + th.ef + log2(sowndiv) + leg.ef + gr.ef + sh.ef,stock,BG,NA,Carnivores,3
BG.Omnivores.Stock,sowndiv,0.009,0.262848200687427,0.03964529532639558,4.393329091735446,0.06032597954243997,0.0042605733975408025,0.009293979740827086,-0.19999999999999996,(BG.Omnivores.Stock ^ lambda -1)/lambda ~ block + log2(sowndiv) + leg.ef + gr.ef + sh.ef + th.ef,stock,BG,NA,Omnivores,3
BG.Omnivores.Stock,numfg,0.015,0.09612747338825806,0.045043221024751334,4.156675829388564,0.12005729725540143,0.0903558496245207,0.017691406945296598,-0.19999999999999996,(BG.Omnivores.Stock ^ lambda -1)/lambda ~ block + numfg + log2(sowndiv),stock,BG,NA,Omnivores,3
BG.Omnivores.Stock,leg.ef,0.001,0.2628482006874269,0.7240676094432705,0.1256202205729109,-0.05445077399207354,-0.03867718677130583,-0.003277093360459621,-0.19999999999999996,(BG.Omnivores.Stock ^ lambda -1)/lambda ~ block + leg.ef + log2(sowndiv) + gr.ef + sh.ef + th.ef,stock,BG,NA,Omnivores,3
BG.Omnivores.Stock,gr.ef,0.152,0.2628482006874269,6.348129400555753e-5,18.080045082829606,0.7897391837785895,0.5623960671953163,0.04765145998471877,-0.19999999999999996,(BG.Omnivores.Stock ^ lambda -1)/lambda ~ block + gr.ef + log2(sowndiv) + leg.ef + sh.ef + th.ef,stock,BG,NA,Omnivores,3
BG.Omnivores.Stock,sh.ef,0.003,0.262848200687427,0.05210379697315462,3.902444397746991,0.09347947004603907,0.06609500030008564,0.005608980097617147,-0.19999999999999996,(BG.Omnivores.Stock ^ lambda -1)/lambda ~ block + sh.ef + log2(sowndiv) + leg.ef + gr.ef + th.ef,stock,BG,NA,Omnivores,3
BG.Omnivores.Stock,th.ef,0.036,0.2628482006874269,0.5198532681097807,0.4183375708659009,-0.35283014667880486,-0.25705341397256154,-0.02173200575716307,-0.19999999999999996,(BG.Omnivores.Stock ^ lambda -1)/lambda ~ block + th.ef + log2(sowndiv) + leg.ef + gr.ef + sh.ef,stock,BG,NA,Omnivores,3
BG.Decomposers.Stock,sowndiv,0.009,0.1033951728872318,0.9337247003617125,0.006964717782283149,0.116992174363918,0.18349655452547953,0.04542127931734128,0.10000000000000009,(BG.Decomposers.Stock ^ lambda -1)/lambda ~ block + log2(sowndiv) + leg.ef + gr.ef + sh.ef + th.ef,stock,BG,NA,Decomposers,2
BG.Decomposers.Stock,numfg,0.019,0.09323175315033332,0.380512183502311,0.7783202631253304,-0.24190171881762537,-3.6415295935876295,-0.08090730221978432,0.10000000000000009,(BG.Decomposers.Stock ^ lambda -1)/lambda ~ block + numfg + log2(sowndiv),stock,BG,NA,Decomposers,2
BG.Decomposers.Stock,leg.ef,0.012,0.10339517288723181,0.31998433620777306,1.0030101498539212,-0.37712432969514553,-6.014579981595482,-0.05782784642993103,0.10000000000000009,(BG.Decomposers.Stock ^ lambda -1)/lambda ~ block + leg.ef + log2(sowndiv) + gr.ef + sh.ef + th.ef,stock,BG,NA,Decomposers,2
BG.Decomposers.Stock,gr.ef,0,0.10339517288723184,0.9032070384538566,0.01489532886227398,0.008946857407841326,0.14100270111413948,0.0013556861112803676,0.10000000000000009,(BG.Decomposers.Stock ^ lambda -1)/lambda ~ block + gr.ef + log2(sowndiv) + leg.ef + sh.ef + th.ef,stock,BG,NA,Decomposers,2
BG.Decomposers.Stock,sh.ef,0.003,0.10339517288723181,0.7753261747170005,0.08208479116773548,-0.1897591474221879,-3.002439189194856,-0.028912609346413157,0.10000000000000009,(BG.Decomposers.Stock ^ lambda -1)/lambda ~ block + sh.ef + log2(sowndiv) + leg.ef + gr.ef + th.ef,stock,BG,NA,Decomposers,2
BG.Decomposers.Stock,th.ef,0.013,0.10339517288723182,0.38620986228691123,0.7601838402999184,-0.4101605795693217,-6.571820245701662,-0.06304634138949022,0.10000000000000009,(BG.Decomposers.Stock ^ lambda -1)/lambda ~ block + th.ef + log2(sowndiv) + leg.ef + gr.ef + sh.ef,stock,BG,NA,Decomposers,2
Soil.Microorganisms.Stock,sowndiv,0.014,0.5670256483202426,0.03941920007440425,4.403712124807605,0.15686592272955435,0.005633528451282228,0.08091663325532548,1.6,(Soil.Microorganisms.Stock ^ lambda -1)/lambda ~ block + log2(sowndiv) + leg.ef + gr.ef + sh.ef + th.ef,stock,BG,NA,Decomposers,2
Soil.Microorganisms.Stock,numfg,0.017,0.4838179083916398,0.03718441272956449,4.502921135534277,0.1850692674104522,0.0932663532270741,0.12024159729887049,1.4000000000000004,(Soil.Microorganisms.Stock ^ lambda -1)/lambda ~ block + numfg + log2(sowndiv),stock,BG,NA,Decomposers,2
Soil.Microorganisms.Stock,leg.ef,0.03,0.5670256483202426,0.004558301461209785,8.583670835853624,0.6367798197167618,0.22835734132347252,0.1274009178661945,1.6,(Soil.Microorganisms.Stock ^ lambda -1)/lambda ~ block + leg.ef + log2(sowndiv) + gr.ef + sh.ef + th.ef,stock,BG,NA,Decomposers,2
Soil.Microorganisms.Stock,gr.ef,0.073,0.5670256483202425,0.17223442922108254,1.9015439155127891,-1.0790269604780027,-0.38605432186281785,-0.21538030994092136,1.6,(Soil.Microorganisms.Stock ^ lambda -1)/lambda ~ block + gr.ef + log2(sowndiv) + leg.ef + sh.ef + th.ef,stock,BG,NA,Decomposers,2
Soil.Microorganisms.Stock,sh.ef,0.061,0.5670256483202426,0.01447005190157114,6.284573871823724,0.9522659455849088,0.3415334208424001,0.1908412008479254,1.6,(Soil.Microorganisms.Stock ^ lambda -1)/lambda ~ block + sh.ef + log2(sowndiv) + leg.ef + gr.ef + th.ef,stock,BG,NA,Decomposers,2
Soil.Microorganisms.Stock,th.ef,0.015,0.5670256483202426,0.2239308231148328,1.5051673523842295,0.4638424431909517,0.16632800940023262,0.09259029496256235,1.6,(Soil.Microorganisms.Stock ^ lambda -1)/lambda ~ block + th.ef + log2(sowndiv) + leg.ef + gr.ef + sh.ef,stock,BG,NA,Decomposers,2
AG.Litter.Stock,sowndiv,0.001,0.3989609639709242,0.21487468576540933,1.5661497904090798,0.024967882620844997,0.0547891327433846,0.021278065152318996,0.20000000000000018,(AG.Litter.Stock ^ lambda -1)/lambda ~ block + log2(sowndiv) + leg.ef + gr.ef + sh.ef + th.ef,stock,AG,NA,Detritus,1
AG.Litter.Stock,numfg,0.023,0.22469350038624714,0.08563108467997353,3.0352034862700523,0.20625718222275294,4.625950971537954,0.161254247234122,0.20000000000000018,(AG.Litter.Stock ^ lambda -1)/lambda ~ block + numfg + log2(sowndiv),stock,AG,NA,Detritus,1
AG.Litter.Stock,leg.ef,0.134,0.3989609639709243,5.585857518659633e-5,18.386601103030554,0.9112576899132738,19.82353105965892,0.2990329121226244,0.20000000000000018,(AG.Litter.Stock ^ lambda -1)/lambda ~ block + leg.ef + log2(sowndiv) + gr.ef + sh.ef + th.ef,stock,AG,NA,Detritus,1
AG.Litter.Stock,gr.ef,0.067,0.39896096397092423,0.035537220922200276,4.5926690450197425,-0.6623967697869542,-14.702678884339718,-0.22178616259416153,0.20000000000000018,(AG.Litter.Stock ^ lambda -1)/lambda ~ block + gr.ef + log2(sowndiv) + leg.ef + sh.ef + th.ef,stock,AG,NA,Detritus,1
AG.Litter.Stock,sh.ef,0.022,0.39896096397092423,0.10559947016272646,2.686915868941739,0.36074661953856046,7.897369352120002,0.11931684971946518,0.20000000000000018,(AG.Litter.Stock ^ lambda -1)/lambda ~ block + sh.ef + log2(sowndiv) + leg.ef + gr.ef + th.ef,stock,AG,NA,Detritus,1
AG.Litter.Stock,th.ef,0.003,0.3989609639709241,0.4970942940636479,0.4659134119471638,0.13617194913503405,2.9820550230778125,0.04488447254221373,0.20000000000000018,(AG.Litter.Stock ^ lambda -1)/lambda ~ block + th.ef + log2(sowndiv) + leg.ef + gr.ef + sh.ef,stock,AG,NA,Detritus,1
SOM.Stock,sowndiv,0.033,0.4832441196411975,0.0956405030782272,2.852131194423752,0.46942919839339187,0.20347857210063772,0.13907299965993286,0.7000000000000002,(SOM.Stock ^ lambda -1)/lambda ~ block + log2(sowndiv) + leg.ef + gr.ef + sh.ef + th.ef,stock,BG,NA,Detritus,1
SOM.Stock,numfg,0.002,0.4802582156257458,0.4205812056237649,0.6559754961750734,-0.24779054867039219,-0.6585167250153366,-0.040398326861540025,0.8000000000000003,(SOM.Stock ^ lambda -1)/lambda ~ block + numfg + log2(sowndiv),stock,BG,NA,Detritus,1
SOM.Stock,leg.ef,0.002,0.48324411964119757,0.7111008922323556,0.13828359801355136,-0.3311738759597558,-1.4352517588918374,-0.038102414287231226,0.7000000000000002,(SOM.Stock ^ lambda -1)/lambda ~ block + leg.ef + log2(sowndiv) + gr.ef + sh.ef + th.ef,stock,BG,NA,Detritus,1
SOM.Stock,gr.ef,0.008,0.48324411964119757,0.9178073983759347,0.010725485783965559,-0.6485009264545059,-2.8108166762542623,-0.0746202893120226,0.7000000000000002,(SOM.Stock ^ lambda -1)/lambda ~ block + gr.ef + log2(sowndiv) + leg.ef + sh.ef + th.ef,stock,BG,NA,Detritus,1
SOM.Stock,sh.ef,0.001,0.4832441196411975,0.44308092424459744,0.5949236366547966,0.24832071962030422,1.0759840076160856,0.028609586253090843,0.7000000000000002,(SOM.Stock ^ lambda -1)/lambda ~ block + sh.ef + log2(sowndiv) + leg.ef + gr.ef + th.ef,stock,BG,NA,Detritus,1
SOM.Stock,th.ef,0,0.4832441196411975,0.5508629737071409,0.3591921217376078,0.10287253589167286,0.44575574885587343,0.011807660531525325,0.7000000000000002,(SOM.Stock ^ lambda -1)/lambda ~ block + th.ef + log2(sowndiv) + leg.ef + gr.ef + sh.ef,stock,BG,NA,Detritus,1
